-- providerdb
USE providerdb;
INSERT INTO provider (address, email, name, origin) VALUES
    ('123 Main St, Cityville', 'provider1@example.com', 'Provider One', 1),
    ('456 Market Ave, Townsville', 'provider2@example.com', 'Provider Two', 2),
    ('789 Industrial Rd, Metropolis', 'provider3@example.com', 'Provider Three', 3);
-- productdb
USE productdb;
INSERT INTO product (id, brand, category, name, purchase_price, sale_price, url) VALUES
	(1, 'APPLE', 'PHONE', 'iPhone 13', 15000000, 16000000, 'data:image/webp;base64,UklGRvYdAABXRUJQVlA4WAoAAAAMAAAAZQEAZQEAVlA4IJIaAACwpgCdASpmAWYBPjEYikOiIaEopBLp+RAGCWcZwBoNyA6thqZB+AZ2/Wjqv+D+LuaJPB3R/w/77+QHy09S3mF/qN/yf1V7X3mJ/Y31ZPSH/ZPUA/Yv/0e0z6s/7Z+wV+yvpu/s38Kn7bftr7Nn3/9wB068nHS6vs/13sC7g5hcML+DaqCyTMz9Iv/O8qn1x/4fcI/Xv/odgr9hP//7k/7DkFPNfVFctY2qPTTTohhlctOMWkRFh+CPzVH6W/exsxFlIah2gF9T33+xkv5QvLBtY+/cK3oTsbF2/NHMbnn0YbiMdaZkjRn/hiUZT2tC4gtK+//duQIVRe6kZDT5F6F1lif0pdaYLeKvsYDUdTqFXaWjR5vty3phkHM0PIwWWwXIHIvjOJ7YnsPsc6T1epWr0mw1dqKHIc0sFIB6AugJ8wiy40/WHLugtRY5gWXZ9LZXbUQ9ueVx8EZgNiojeiBkcrthA5AF+HWVnbWFyxIc3cgvMWtsd/LLJtSqkm/h2D3q0gH99hUDmrlED3VUmn83czAXUiJGrwuikExe670o7S9pwZlRbOY0Mq3bSNdDYQ1/o/aFmLoR6hWDlwlPv1Fzv5dHYJbGeWXi8kV4fsUuqMVbs2gHywNl5/WfmuKB1GL0W+kVG8lfOCnpdxgXm6/EpJSR9QiGhqiO6k5eWNPvRzyEWfaljIffyE1Iyuqnu+X3ZgjoWHdksivEQwGKAK0YcxEP2GuMHcW0b1OKaHgc1JOGBInksHYRJjsJvh0hn/QQy4/XlGdi93CDt5GughFd40XuucoKOWWqUHg6DqFZYubrQFdFXEp8hzmMY8oty3brf8wH9s93L4iVYOBFgJLe9VPZ23D2wnY14sCL42zXAGRP4jUn0m3OtIaYJCsPzvE9aL5RWyhZO/K6iIjS0PgSjuivumzyY2ybnMgvz/DXOVunqo+l2jVN7urdZeT2HfmOEjJkkrswmDYVOiQAN0UfONMKbpGeRC89QFukG2RvL4+HmGdFDTebupZU+Cw7tS98SQhTMABu+GV4C9/zSxzAkjxs4Jr47SpzeDiQp8xPytOR4yr5OJHLYS3lCXkpmo3qJVVhH8k4FRSK/EpumH0mIV1XaWyVDMtTHxiNDsnZYhDQUa6CaNHvwi9UC/0xbMF/6kilEvI5T5BTX3KbQsD1y7MWHb7goj3+5gGUbt+y+SxdByyqnjLT0+JVmWCkb+/Qu0AJX60zm7tk84MV+8mpqt9NtymanGa5hEYi1triLD/oKsOOugWa7CvJiAre/3PIGiF6KGamy6oow6jB5bAs0cRZLb1CndCreDKeJJ5gDLhwobSI4CrDtlKUhWd2Y6Z+Gk5fA8jmn3IlsSkotylDNqi+vO5ep0gq7UrIbdjWig39kJqP8iLQT0W3epJcaTFw9mKm2NgF7PIGRL1m9LhHtU1kmOtPOpwFa+ZEv3/rz4nSZvdZr9dt6s96AyZlIn+aPdkrcmxEYxbk5/r5CnB7vbS3rMMR81h1TIxPFK5FnB6kTKpfNYF3DLK8Q5R3SNy4QH+h0p9fd60SThggeX/D0r1FAfiVfl6gylaWZyGXKLF55rXjPimMPjQVqipp2VwTNhBQrGOSkBTaq8Kn2paucayUG9fUDIvkK5Rnvn1DThQ1HDPEgamOqHkyf0cPXG5r+zilp25GYEpVuDD07AMeJEYpEzN1YRKQ9hsypkX8m1K1SSCz5adWEnmM9E2VO7lKzlc81RpNc9iCRoToeRyTcavpOR1i++0w+Ci447o4/8k9dBtux06FPsdBy3wAAP7/e7gl/nHfx4c9h+MCV4ruq8IJOmfz2CjNdeZ7et3/pZQMXi3Hv/UK7+EGE8Hqv4o57Wl7wu6qS1aoZx/ANEVzjEfDmEFDb+nhdzRkRlqhkAVHq9Eer9ZekFGuzt2hEimblwr7FIWXNXRUKCFHxm5BZCVPhbVbhfjOL8HBOOMvPxrLVSgw2/Z5/wawcFgkxT7xSzqxQdh3CS8E3ZjN8hjXp6S5BvigzdYVLDQK5xnGtmPz7PbXkGSV9Dsr+JE5e1e/A7zUFLfg6gTJUwXgvRs+58MB5+6vawNH35Dy4uwLQqJnKLIMLpIG4TCjRFUUbDslCn5TAdGoTo+JQBEWN1VLfmLPQH2ZKLgRXIwDzX5eJav86KrhpnwFEA/JqdPjeXHu8guYbL0gwdP+EEIZQUGQ6gHAnq7XP30H5xvGczNz4Dd+4xfiDfODLyHbm/iVd3OPquH/fEbuhpmk+6tdZxwyWSlJ0p6FGEJOl21Yr0ex9cXCdfVKyZ3SDIJEkLtOEXJ6WVPUcc4SX4HH6yn2y8vkT/C4BAXU30g3c821ZfjqBDhfKF3Q6J1sjRtxfQ2JO0I3Fn282f9X8MTf/G1Wv34sVQvwXbW2pv+WCyLW0ACE6BWX9Oc86Q9Xeq/vrJ609E/CD5YipP/0ec7svoUhKODuoLa2YM7bUyAXm6fNc22IWDZHSwyperaDOkY7JZ/nqu0ESgX0p4b0D3o9eEuGuskFgWmQilhkBr299w324OT4QgMSs9t8dmNE46ktaIjN07AwVKOZbyWENlFqOA1cIOVNppklnrry+fy8iOti8LGGRDpt/NdcPgFf4WTm/6PwNT0Ucdm26+t84fG77rSjcz6zek9opND4teFBMv4VljPsTW2B+TSpPxv0FNKw39wtM0le7tvODV0aHOM+E52SpZVhM8Cp3lEoBtmO++Y8V6W71s/Yqu3zf8j1SW4VJ46lt1ukS7x0cWD1nAKqG57AOUMYozxbPj74j+WpL/NIqsE6T8NnptLwvfCox6Cnal//f6AYFubjV/I+Y8aSqlNTWe20tD9EO4vlD9FsP0m6HQmgxzw1IXv3JKEJy/2jPrtWYYLiBARfTeUjr51HZAL+WgvKCt7ipNpRZqxO2weB24SOS8D9+FjMnnuxomKHMDdAEwxm6djYRNEY+KI5QeZ4nHpxTys0e3c8A2hQGsXpzuZJMjBYgldR52U+a10JQW/BtRW2r+vHoGo083lUltwQVmsy//Jsp7uJbLTVJR96UQe6B/Rgf5MaC4wADMG78c/0rIkps0TYxiEN/PAIrKnIKCo1oBgvyKyRqdLKd9qa5e1K1mFFP+GIzrN/m3LljjfG1bLRYDEe6GuDBwMcNvWsmIrcFCKSBX1v1LrOPvsjAJgtFdD/v2Dlqdt4sil3sSdCFqSfNSiomdnCdGh10Dl5lBgWO9/EcYmy1XqrWhg37+rBzvd/3tBU33D5a3EH4Xfld5Bap8CU0qWL1IHGAYOlA7ckI+1tW1FkN/JoMoRsZfnu/S6sfvWjJBhz2uUxyXc1jxmM4fTyI4oDr+GbCKID42TGU2oIo++vDxw6mAljJryT/GqClrz2YYPe0un+s/mSjQNqwZjfD+iku3f5fJ1ZvNURWP2TFDb0U/o+pc1OvRwpqbVfGvMIHqOAQrubjQjacaQ+y5eWmlbHLJQLjEohWY0a1Vp08JVDgHI0HtiA0raBiXQFS4kOlreSJONUbBkC/8ymWAdIZBtw26+6kqSNtmjlYVJwOxEbrhrBc1zto/5BA5lL9zfw0I42GquWT2f0Wj3+Ow16X/5y1xrkRrhWXL8GF85KH2mjeH+c3ENYiEDLsoZqNtTQpiLVr/wU/uOPy0KhJOTa/MyLxNb/uTV+ZBov6F3diGpe97Qx2aHXhsBAVgAxMsVD4V1CbbQFNtA47Zu98j4oZTm60Jt3F8kH57rcDyhVshlgplXryV2Db6VgvRUBgt/R4O/v9XThDPTMT6gfvV32rQxaixY//xIdFIIR9m+VA8k/gnQr5G/D9OIVbPk9ToOfrSzPK59IOeXcmSaYtpxSdyD3NrxfuPLPn47jMSopy4GB00363E1Mw1ibG3Y+yz+30eNDSHHzSv3DHM7E6X6/AkjvvKdSVWjGzeni/Kv8TDxL8QEbs1QvfW2DnsHnS31y+WoCD5FvQXHLp+VS5B/VI5WzCiauygAZq6bbqz8jICTmkOQEWbwD6KsFuATolJcuD0qXgD/iqAJdB3Wkv+IGJ4Z2STofZka1VvSdkHBdiLVi+9XcVc/MQWzki+WYoDxmdcZi8qFQlFOYZVjs/+JkrbgL8JQFgFKT730d2QUNpUXNZUJmtxf8HdVkSFE0PIljuX5bxxaypQxDO+X0D6c5TZ9sbL1eXbm84ot07h1ah4Vpvyut82AnfKsE0G8V7ftTPEJCTOQx/YHNJ6wC37O3yWroMZTpVU5pB6TuGZcV4Rsv4CQETNqUVmrnkSBvuMkIbVpaw3o4ziylh5QYP8arPMSC9Fvwb/ZQIAfDIvEeicINORMY36PAkzMkVrhTglVB9GWpTrF87Q96cqqmJPt/bSLl+uA5qTdkhsqcjYAknpsgeK1tZoNTTDPxCGAyLXOj3Tb/xJYsacFptxxTxJH181gA5o1St6SRk/DeO8b9p5tFjeH/SSlE480foyhhMD/LujQ7kaR+Jo/q769laZVZNZUI3iKNDz5xFIEtsrZVmpR4Rhu+PH2iXaE+jOEdGkRiZWFEjc/yPIcB/q80UWf4OIkZvbmSKbbz8B5LESLGio47dzyr8PxLJoozk7/BzWRCv9dd/oDo28wLob5fpNT8ytZsLeotOquJLZPL8AAXGpVJ0a+TFZb+Uvl9+UAXxss4EGcJlT3szXRvAirpRB5wv63mbNfC74PUZ3tRLY129RpHYlExtnMB2u6oNywMZ1fQcT+2EfPN4H5428GZtUovMS1T+n2pqR8fTwxa1PuatBQPtKooUc33GmkIo1KcKp/fZmxD+MS0w//9OY2GOGbyGEIRfv+EVZbj5fQVNTdHT3NnXy8bQUGL4oqyLR/gs5SQ9YX+PCzA2om/3sTIRJs5yyBQH37045hVwp70t3roWOLA/Radj6AHU9HpG3qzM277Mk2Z7U8Zjhzy174saPVyh3cspA0NyUmQvyYtlm1eCSOPxhSF/FAAOfIIscxSlmR1JkfCTxPaG8V3HXh1Wzmm/ujuK2ccnhKqvY3JdxfSuUQsJQvdrk4cng3MMl7MzdkhMld97UvYise7IQ8/ZWQT1NMCVCqTeOYWgrvMOCGXvByr5tCxtfGLL3g5OawZSVMB5qncTeWcRUrHgrjh1Jv3+eq2o2E7q8cpAXnfqcO8ucbi9vT7oDKcqRabr96JmkhQmKkDG8uzqicXNziKS+dHEjYFmYxyCrmZGWe87Nd6kO/KayC12shghSzzSH4qV3GJ2ElprK0m9Hn3j/sqOBkUsThkAGrSMCMGKP9aY9s6qYiOJLpw/bEsGaWnhbRUp8/cMPLzVDZqaXCl5LAml8gZGkU1XCztUsBL4hZ45cnQTDeZxbQFif+Y0USOx5yrhxyvI5jyEjte5Zju0qLxT6xCN4FDvdMuS1/qWVXBnND8NP+2JsKhth3topT0w3TF8ktUtHkAgl/f6wTKyxRN9IlwyrLcbNSBK5EKss7FHv2ezT8wSoTosFNL8Nj+KIbC6M2Lrg/TBSjjSVpBldDHFXfac4S0MF1z2lJPRBIBPtr2YFmD0pkdVx260ydpqogQz50JQAog20zWIHihhl0Xr+RlKaQVpt1c9+TT3BPRHQvKh+gRY06yruLTavvoGKzU8V6AXFR6g/eqWUAUGZ6HzOdPGqMKNnHo4aJRpPkDujy8JkH7Zqey87nREBJHWgJJWnIQ75T2+eO4dXhmV5eXxINyzeqb4IKU9HwKCHd+LLgF+KKZU9kw81YGbCKL3oUAB0Ln4jbgYmMXZ9pp/dX3PUZuOIIi0eHZBuhQ2ARRo0ZJGIVjD//cDRQ7kL1RjU2w1BCJ6CFtRzKKx8NXg5/c0crcO+odmM5M0uxpckiJfRDfd5HCAyl4COeJD2Yy6jNCz/7LWb7o2/lBjA0i+AODzDhFD75pocDxadwafv2UXp7izzJt1EfAUgfTxnLsyqPHUHyyZurOzJpv+lXoCzIHvgARfManMq53oaAh8c01+d4e5+YVOt2PwUjzer6DvzxnUtLFgxyExN/uYdQh1DeGOET20eZ9S3Bhu8ck8iDcIS5mZIzmnv81xwZeahI1ZnBTjjrbEQHd9Fo6HlbYrNzd6R3vnk6X3IiFKLR2FbjgJxGfpj3QRzQl2/+xzEZmxna0l//r1/d43diNs76g3USZuYvjZHHblHWdMAq/lpR3AXO/sdU0iaDmRSdbN5oWOqyPTQ+fpKM4qdQBGJAcSjvoZInk2uSAOH8ThOE6SGbhg5U+s2OiZjt4Y5EHeJqBWp3pcN+/VymK/p4dcCrHKTA4yg8J0qrGBC1cWW4psqrnzZHT+j8xRIhd7BMr87s8bjNz4p0msmyxP8JbAKk8RhFAeA0WHkEiWwp94x3glZfSjRaW3kaX3V7U1phPev+YUBd4IxcehIRGY85k06wkDkRUyjTfTuvTlhB/iMbomIDZGXI/FbH9RI6GPS1/qQ4looDAPssySyl7wsgK7SptUR9rCpl92k5lFc5l7YMPdfpepmzaBZ6cISo0O7cyGUXeAJ18mn3kVc2YfKoSdeEQiMhKnnRjSCWEeS4Kocl3W1jfrX+Qjs5pEfCVOLCSjt1t51N5VVKQKpChBaDien1Alc0VtU2IvASVmmvYzQ9PXwx0RIzy27ntQlY3JxkF6qZn1lWibYV3C+7WJNWJJ5LR2uccDPea6VWHuN+/j2PMzN+ykN+wpGcQuXZDl3QwQT5SRg+XxIm8xgByKudCQMplHn857e/a2HL3hIfgx5KIL4MMjetYwOxSI+d5/1M+gOwBqLuRFZghzwZwlFRq8w3VN/U+l93gHJH0P1MI+fNcCXcYOsSCzlN/MCRF+Sjt3MuK+nLty5RZqpSxJQwXKJfveReA8OOmn9bISCIZP09MIHCUyXP+OK6cRLJgfCrRu/+J2q0EEPrGwhPEQ1/d7oCHV8q9eJCkjsjKFQ2+WrbcMFX5/Cv1HRIP94w1X5mmNsmi0IlS6O66BoqywzUl/3XZqQ+00YpJvnl1dToBXwq87wEr4DbMPmti/UmiaQSBCrrRabIABHSJl/0eprogzFtki3LgMIQ1TGhyXSMRsr4l+dQ5bzckZ3rVJSClHCmTo9Ii8CvVYlzVBiuqPYmVDnLS9VJOw4aUlsiZCBHgjG2yLt/MtpcGzMePKs+FJG9d0fI1wyNwGILlX2HrtmgmiHkxwISSIT1FD8TncQoGwXRsGYtMV//8Ot/Qo0GZmTl5d/PcsPFUitt2mHRBVQzNpGQBpq2UlY4nDZXtz/ufP/F54K2oswkrwH0DS2YAMuIGhazSQSgBSktWBuAQP5VVY2BsF8oDAs2yNcpaqeHqNEB2lU+bKp9l0lNxq7ZZZoyX7iFnE1FxKxRy6Q1x7NdvdrjrMD1Aly3mOj3alDf/qLW0kh4zBn6KSl9NYXtjnBEMLrDYHkDas9bbwWlEvvMgMuUuiAn0kHYKSUKGeUYS14WSw+uzXy4nB0VcDsAMwOAI9FR/0bexS6ZaQvqvZGa1PdDNCLr3N0t9ShQXwGWEo5zcN+HePpkfksXKS5za2kx/Nis+SHeg9OEyMoIrnnws4GZOB3ot7uYsuxez9M89LDNGFpeczNpGDEP2jT7mOORwcB8wU569s+kxYAsG46OHuxjmBjW1icVvNy9QxgVQ0dCqXOADhzD6m11cIe0AggTix41SOf+d1HJP/IFr7uJq1pfFIsWItjdDB7yId96mvUcjEGemx/D5icRh8G0IMv87Nkomc7sJx/YZevNiOjx0MqaCc4ALVdy7AGy32PcSdwxCRR0Jbn5f6yzMRp/OBllcElCTHjvEA1vwB0JoIXSr8jh3Pum61lBHu29OckAMsK7XzhSjXvuUFIVdfrmYS/wRedxSFkUeI4rub4DdpOztYgwMfSFRrqqGoFwHSBpGXXMJTvJIcWjAcAda8oRGABV1P3MC2znvb0j1tHIwyvgrvYO+/atyQ+9GU8UOEIH88XwgTgef51sksNwqJoCtFFb57ndze3hsFoRoJaWkF/Z2SLTONitb+ij9ZvdKNRwtFSoABx3aIqqkTYLwIR2vSnqRu912LA4FDsDen0SSuJ6o4jcMSoTL/ITIKQs/GQEAUHTYtOmVtbffscAqXwpL/HjdMUTNjHjlFnOHC4MTNIcTyFUlRNuSA0wigLVlqqDgapoSLJ57ACguYNXUGpMVxV/Q0ElGnJBwPo1Ki//TCGMTKDP8lguKym+P1VGTkZUrhYXN9CkE3ejyBmhtFPrODuDiJPlrnNtCBsgDtRbym7dkqAmJcNDxanPnOERSmJCZ2/Idjr0ArGiUW70rT6MsDJ0KTACxtjwjh/UjcXn/eZPdzujt0SDUNlONG+muYXHlZlDt6Uh3pEDJ6iWHrx1lKjXHei4c4ESjuvP99prJD9u2Inu/kmnu8Fg6vgUYadIdFsxjIEYjIkEgd5YLgf20GEx20Aizdz2QALUoXs44pQfYsmas6rutN/ZfX8wXvyJzUjsfQA3lh3EaEtDUJN0hw961dVg9ihrhOP/kGtQjFNDB5CdFoWRX51P3XREnt29aPA5mqT4qVs8Y5byAblHOdh5iz7a9jP6cRwKoIY6ZrwKTbzsBGTCYfSL1PwQ9EaS8iRNYZdSoYFv4mmqO877+lV9XbPt6vxUNLiuNyg5U7v2jchKcfWaq+JrJwBKKDWttR/19o+RSgcFf8wUWd/lg+MLLlkUZFqOumA2EunocqnlWwJ3+2QYCpCPT0slB7ek2pHXsFRdPWEde29FniNiX1ACwTTtWZ/bgIqcO7HWaWUz/rfAOewFDmKQNqucfTehtMaelJkKppaYDvjDpCY/+RuB8M51BT/CAIBkECKvwOkNmsB1DqvUFUphUlYiUCIAVTnv+16j9zXHjToYJMujkonFtHJH6kV4Fmd0PjBqSSqv8cHNHcbEGk20Gvu0gJ8y49xdOQhG/mVLYoFj9hV8FcIwfrp4b5tt9rusaTlSZNkgO3yroVtPBKd0cLJQw6wqDr6tjZZB6Dq1UEuwXev9JW7uGiACoiHXfAFLMzGsmZFoXwQ9nFfmPxN//70aSGajE91v+MEkYUQvXgwA5SuAAAAAAAAAAAAAARVhJRroAAABFeGlmAABJSSoACAAAAAYAEgEDAAEAAAABAAAAGgEFAAEAAABWAAAAGwEFAAEAAABeAAAAKAEDAAEAAAACAAAAEwIDAAEAAAABAAAAaYcEAAEAAABmAAAAAAAAAEgAAAABAAAASAAAAAEAAAAGAACQBwAEAAAAMDIxMAGRBwAEAAAAAQIDAACgBwAEAAAAMDEwMAGgAwABAAAA//8AAAKgBAABAAAAZgEAAAOgBAABAAAAZgEAAAAAAABYTVAgfAIAADw/eHBhY2tldCBiZWdpbj0iIiBpZD0iVzVNME1wQ2VoaUh6cmVTek5UY3prYzlkIj8+Cjx4OnhtcG1ldGEgeG1sbnM6eD0iYWRvYmU6bnM6bWV0YS8iIHg6eG1wdGs9IkdvIFhNUCBTREsgMS4wIj48cmRmOlJERiB4bWxuczpyZGY9Imh0dHA6Ly93d3cudzMub3JnLzE5OTkvMDIvMjItcmRmLXN5bnRheC1ucyMiPjxyZGY6RGVzY3JpcHRpb24geG1sbnM6ZGM9Imh0dHA6Ly9wdXJsLm9yZy9kYy9lbGVtZW50cy8xLjEvIiByZGY6YWJvdXQ9IiI+PGRjOmNyZWF0b3I+PHJkZjpTZXE+PHJkZjpsaT5Ib2dhcnRoIEltYWdlIFByb2R1Y3Rpb24gU3R1ZGlvPC9yZGY6bGk+PC9yZGY6U2VxPjwvZGM6Y3JlYXRvcj48L3JkZjpEZXNjcmlwdGlvbj48cmRmOkRlc2NyaXB0aW9uIHhtbG5zOnhtcFJpZ2h0cz0iaHR0cDovL25zLmFkb2JlLmNvbS94YXAvMS4wL3JpZ2h0cy8iIHJkZjphYm91dD0iIj48eG1wUmlnaHRzOlVzYWdlVGVybXM+PHJkZjpBbHQ+PHJkZjpsaSB4bWw6bGFuZz0ieC1yZXBhaXIiPkFwcGxlIHVubGltaXRlZCBpbiBwZXJwZXR1aXR5LjwvcmRmOmxpPjwvcmRmOkFsdD48L3htcFJpZ2h0czpVc2FnZVRlcm1zPjwvcmRmOkRlc2NyaXB0aW9uPjwvcmRmOlJERj48L3g6eG1wbWV0YT4KPD94cGFja2V0IGVuZD0idyI/Pg=='),
	(2, 'SAMSUNG', 'PHONE', 'Galaxy S21', 6000000, 7500000, 'data:image/webp;base64,UklGRiw+AABXRUJQVlA4WAoAAAAMAAAAZQEAZQEAVlA4IGg8AACw5ACdASpmAWYBPjEYiUOiIaESaaXUIAMEs7csTAc9fynio2QKyk4YrNRdihMSdS1gKx+svvqj14375flUiV6n0Z/3fuv+YHqX3EHms8070++gd+yHXe+g90yP7k14vwb8qXyH3X9kLL32o6jvz/8h/uvzY+L39f388Av21/rPzF+BV+H2ToD/Tf8L/2fRX/F81Ptv7AP9H/s3/M9cO/m9a9gH+s/530h//T7wvc9+0/7z/4/7P4DP2B/7fr2e0D97PZ4/bn//mLnvyBpkfJ/AH4EgGb5/JIEVuHMkzckRXEi/y8iavxDehyqX7ikunQ1+MFb8M42+37/4LYUg2C4CdjeP6DZihCQbVecIRsHhjkfmo+ekrBZXNYwEz97E53K8iym3nf2i2iEUE6DP1EPGuAOYzbOzlplWwAntjAB+gwAc2oLLAKjpvheHvziHAFXcZJmlD8fEZg4nTTRIpkuruGr/cXSrQt+UnTr+p1be4PiuzziUD80X7KhPclnXEFrB0NGDYcPD8ilswvbUPYvBHWP7r/x7eAEzGH3lUvIiuymC/UL2cJcvNXf1LrjdxzE0b8Y2Ws+yrXAndfLz47TpdRiBhjomSsr0ZJJt6rSXzZjgNxXqlvw6xsY4qHQ49i8tvgtXEO19EECXfQJpn3Vbg2ZZrLP5p8wx8DYSa8W+doJsAevGOUumEvK0TES5SjAg8J+D8HrM9MON8CECmJNfnI7UNagKPHDwAFyvXXsKKTUlAmPOjIt6bUH73X+gkPtXYK+iBsbKVLAmBvZjOQ4mZpCVfZTm+R+w2/PsXmTWtvrQiHNYt9fzDUp+TxScUY8qzblr5Nx3OE06K/YzV1iqwY2+sKtHW33sJ1QpX8OL33hymvcdXnyWwQo7xyXJcaTpzv8JaxT41eCLHEV41n6lkr70PMayr5qCzZRVcEo4ICXry0zoZ/5+OWMQkoExC3Iiy4eBDbOuU58Bvke8qdaqrtnFuErMs6efO5UCoDqR5WSpJTgnx4YZFFG5nAhxqjH7d3ssYK9y01TOSl/M2Xuthzc8isa660Daj829WicuUsnwYn38Ewfw5GZgR9b1HCik4PMnvRZO/JFIinlQMsX8D/s1kqi3uwtTJdOs0U+hydajvYETF6mrfhgr5eAkbZ4k0YgO/l67poXFFnPPcEAeU9zEgmsPp9Fi7wb9grbVnMcJnSvLugd9H+mLxQC2Jj/KKKTnElIndQiSkEf1c+Z1KgZFuaIXtihtshnR3a5+WR2FkzITUOuCWNy5ZZjGY2ZRaF8VDLysRKpMLxQ3h8Lenj/pxs46QO/hZND2Ly/htZyUG5QS2zrkOStqopQJMkskC9YNm7KtVZ6/fO60yvvyrZvh/8NDttq7t34qFQniLm6Wmj6vECIMkJjAeJ+vrdWT3kHnxm6ku41LToLNB8nyy7rn5h4m5R1ydb7iXoH3U3Vt+5MsFZaBSUjFMtaypJxn0pr63v8jbzaAHBKVuTdfa10enOgyT+wVv8YVWumowzdGGqwYNvQ0IqknPsEtur971aaxfXLui8TRsrGUGlWeBnzga+qLZNHMFcgAaQGLdEu4Ue57HiftZfGP8MtaAkajufrps+mB+qGH7WO1WdOVJDR05hR4z8iN2Vi5nOIaK1f3tsOj87nMWdjRfxwwPaWURkW3Z9J4w/1lLioWb0fhmYnGy2J2hfA8T7+G0XjORU5Dzn3C8ve7O6bU2X3wxJ/7xB6w/booz6FwcS2kuaW+yXIsWIER1IsvzTPTT6qN6RLaYkEW8pYAmRgE08Rd3j9sIhL2kBTCeAOlhJZE2D4YRqaVoqSW88KqbGvUqAG5Ah5AeEp5SqVOW6+OmPaDJb2NxKkWvK1BuOs40eNHl48pm6oCOIeF+/SZ6crakMCKcxMd/4Iiv7g6Gogs73zDOOMhybRRVTk5S7f5S30bnBnRJutU9MuAEhE4d0cSbPfkYVSsIkgtlC6/d5VqVVI1Ow50v/lwlqpaEE3TY7JN7p/TAnG7gL7WOe68PgWQ7xpb7JckUfHKiBNRSGQItqwBuLzpFCtVyHM/icyyBPqwL+X8GDK6FFLcYfq086ZLotoPScNLfwjHzRD6jWiN3DLTObiVkDF7toND54wQEBNY1r+UhXgcQQgHOombo3hgmai6j49+D9gvyN31/twiSEd7I39DaGd1501v5Y7uf2fH4zar2GH+VNwcL04wfrntFRplTiShv/mYpQ3KQAYYpCsM5wfQrGhUqXH8idpHikEj/nmbVQF1j8vdhZHfst+G5IwaGINz91/cBjPYXNea7+SE9W9uUlGruO03ACgZfqpIKD6Eb3OXyfM9tfU5rLwfP6KIMt+luvR/NSHQ50vsx6VbqWG9O3AjbgZJG3xMbek/2Wfvj7hEbYmdG+mrrsDaA+A5w7+f0pprXFmY5kUV3Dtj34nG0GioIRWL7bO+4pbAAAD++3kABV+ZK2NFj9YiLVqpAHgRx6T7pRCIpoLUdMFyXZ0nqlGRIRxY757sJBQlSQrPNHTGBgw5mUqsf/UiwX3LVBrY1qyhH41onItYcyVmGcX7iUkRWhnhqafe9fG21NjWvZpSla7ipkEW4zMFraLcNp6HBQKxFBXK83ntXIfYLKUGB2SEKVMpRnEbIywM7pipkc6fc1Vw7q6w1r6bVLUxP2D9/nrLBs5QsCsempGbZo9dWczG+QWHZx4jNh+ja39Lv2V2+MdARfsfTe+++s+J8yD9+7N1/8YaEvmtKhGERf1haZ0zXnfu2ujjrn6xY1qfqEyRCz/4nRvShni4lrE09btxQKNiLbu853ZMm3KBiozccvFHuKpnRw1BHKoODZvZSrFkXZgMAqnJqV4c5NnP8uv4zM/HYyqKyP1i6PVCUe/SNRRPFSz+2H/odfgcgaT4a/yj1XzJQby1lfyNuYRzoSOQLLVM4Ry/HqpJe2fEQdeSjuhPe5XbxCnAakOkFUIFSZy+S50fQqIwt6NzuMjPnF2Up/64mX2xK8iND255GQeFcx/HwZUNvadnQqxPMLaXjMIGngYIXzJQhM1IF7dJJfYSOsN2PrSM4PsGXCVsUxo9UWlFWmEo7sQnO+LAskTfHCHowKhWAMOWJ9wGJPKS8MDCV/QfE2gbYFOYUWYceBJYhT2STy+D4dpW7zdXtIcnYrb2vj/gjE+ge/tqnvyRutAIj9dL3pHBC5WrZ7hV7NMTzvpEZtq1qEb3a4tP+Q9Tmq3EqoMsbjuw7Mf/jEWhiuwspDePUvSZECANu7smlMP1RtowMnWUIpIRbWMg79kCqw/vvgwznfWqe3tBchbbey+ScFAp6uftKk4F73FAALFmToEG6yDnoVZ0oXX+3zhdbHHCtST6o/i2gJK7Sr6NMtfHHS0eCoRShVD/3zzxPRGNoAJF1o2DPPhlP3Rn2ftY2uvBsUA4WLVAjqzlvJSkbhR/ddd+cbQH4di1E5iZam7TXGS4j691JxXrXHWr/7HmtiVvlKcOi+ip1omaLGm/MmzPSYpkomGThRTBhI5WSfs/xZRNTz3z3rvzj6kkK8KbI5r5k985l7Bm29uRFX4xf/XdpnsK/uH+FXbv4w6Ut28B+vS3rCx6v2s0RdYTE1FboEowvvSpSXm5lyyjjhnKLNND+us9NbMXiog2BpkrA+98y3UNTJ233UtQ7qxnE9RKcjTTBbPGQAOt1RWqOczl+aNH70rxwTl2JFWJ8jYxH+/BDUUJ/XpfSt3Qh84FmMm+bh4BiCghjoq3nPseGuYEbj5LE+IR1szr1lvpLBvfIbpqmQtqFVCuOvhH0y4CyGlKlzkYkPp3B6xLNl2QJxWGGu1p5uzjQI+iEqxzs70nakqhqRTuBb0zYCQl6QUPrR1zHA4V+ut6GIhtNfMdO+5hC/P20UsSZqnydV2Fa/i8/DSW8lvWuwPl3J91hjJieeIyK1jjpYO8NBvyhHCwdVvHRpSsLHE7ldChbm3dlqvgEATkqGbEJoLwVJrViZVyAQFfQuXEhvEAeQHcXdCIZ/tGmLna+1/nAa0D985Y6NLjK1o46l3GA46GAOLBVGDMYE1CFa7kknD/cAnGF63r94/3gqN8ivhs7FKjZJHpUvd5X8k3OO/YfGTdRelULfW9d28FoazkErbAU7xbv79CgYGGUEA0Hr5W6enyjYeR4lKU9IGkODJ2py87st1CP2mRdDr9lXA8w6ObYIiVe3uqxhrNb9bP9hKp7Kms575XTdX30KKjG03N9B3h6/KRoMkdoEZfOwNigOd4G8DLs/fJqHIFMGxV2LuF0uyaH294y23AnmzkBnITYDz4WFhnhcgC3KdfgQTlme0IQbarJUQK6GeYMY7W5KahxYFDzlq1yYHf2d5mS5xZObyBA8JuYUBYI1IzJIqH/RozaD3kZ7BkRlDJCTrN5tC4YTQACDtCVCbD8axdGtj3rDORHScqgp3gYzmi90UUQ3vN2R9rl33dE0fpKDyxMPqm13/trIMgE5A/S+momYcG+ZsXELCDiBU+04MU/tBTRFBQqV1Y8V9P5d6p1rDdfiA0Y6CMb35l2AlsrQmU8cAb+swdLaWKMFniVdGg5ul3YIYp3Nk0+ShcSWWEKb+oVoHAb3N/KhitCtJTUwB1hzoe3Tsdm0AR/TAQxU+45a/mEAlkcBgbj77QcR6ib2pOjJrofg5KKTwUK0KCkaiDi4lRcH0gQIMGDkPVxWzm//wh07bK5ri+iNVXgrjcRR2vGU30OucDY+J4dAymf8gZZsPMfzMltLiJF83uTfMMiVGXeVW+BaC37pvSmv1/6UbDBsy0zE555/v1xRI6NPrFbViFa/BSqUvjhjc9AbsTS0TTcv9C+/8KINDt9ZiQp4969x7fFFGWPAkF+atj8wyFkpywI9GVhSEDShWRwM8oPwD7+SjINF43zWgDGwXvnJPolQI6A1RPnYn1G+W+jb/AlkHTATKvGS7boyySv50b38RMkv1eCTZ0rvsum+wbcKjK8geR3L19/TaFLY8V94zYZPm0jIbHZHSFEhRy6h+eqShumtKNO93aYB1eeyxL1HqaOBi7X6EbuuXaXK8aRjysmVM79MmYFV32hl28YclmQ4FB5rVj2u+OFsF6+yjngu3G+ckmVBP0PRof47ZDOWAWmq+QY+4eFYsZSvf3XicN6vfvOiwz2YBX8D0bcTckD1Lti787CoMvZHODMQlzdhDd3r8I0wZMawbwoYFvW7MCU3QmTa5bVLz8zAUnhf6WZOfkMu6ijnb14od8/hyTVA2Nzk9DlYMDF6PPTGB/8AYrZCH/a/KfoQKZ/WoA3Wkn/CL0hsCw/5DGV2/G6Q8fg7ZLl6h+v260LJ2NFuT0fnKNk8fyN16U1ZEvdV01QljJKBVF6RsGqCQCuDTi1LIa1zH8LbfPRa4yhdYdWf/kX7/9k4MRwtnvSkdwl3gdhXC6EpkuglIIrvvf4cJptJvteFHM/jK685/MIHEhW7uH1JwiVW01fwcE+/cpfuyAzahJLFKqa8+zmB+EtZ7K3GL9CcCFb0PrOvMPiBjKu8A80Bbxd8OP5s3gYAGB7z9pFxaFgEyNDiq6yhGAZaiOjVG7M6oza0KJW5puJ1XQezrmmcKTd1+GJPrwg/sdE9fgphbaBoJQgHAz7r8oreUgL3W/9xKOVnc+tfyh1JKcFwunImTPwClkP8NE5l2pSC+HHW5TbNuR62WhZuZjkZSxffqGw3tgN0Z02nZdsEnjSdtxWDGbYBe1Q8fliIbSjHAMdZ2Wa1ubJDxWKZiES2tCJcbzfOUgHLMo2a+0x2FMN+9jjSn9MWujnIzJDHEvYzefEV/dBuhSR7Cel/OqrF4TR6EOGc8eQYbqE4QbwBqIAciXjHr15D3lMv0QD4YQGLYYwWFM07ieZsXKPANdd8Okbl5Qz+zBymizVlIM38q3p2ofYf5Po4Oi6uvkAW+XvKe3RY7Cq27xwBhqDPxrBD/51l9zdHPKyPTPiEXv8jJfP/mOfR9sPpra5VAxB3YwK4dmZvo1zFJouNEpd4kRpCfgh+7UPeLXIQb2bKH0vBOknC1JerVjgZ0wzH/7hpKO2TniIjiGPUUYMz+4bh30Q0jrOTK1ruUNyRz7MvFsSfru8a2kFe9a+YH5bybInXshYd4G/rlZ8YCFlFH9JuG7m1mTn9cZptOVE2Gxyw7AIenQ68fU8Rbj0rFPvoUwCljjDs98NnmxWrLJJnAV3O//Cw8tPmxX5yUs/M5U4kyG4/k0sLrQzeI7BzG5oRjiAGNNzlIxn39GnIXSACy6eOMwZIOLSweUHoMB62OJL7Zzm4Fv5/Ubl+Go2IPvjbxu18TckXIKNGLLMgtcMfLPvlzsDVL8DDMYlHayvXBL98Ifo7RXGax6rPj0FX4yI3B2tXgouhJEQ1eaMNHc+w9e4X0hlk2pEsQ31RASqV3AJZCeua4uyCelmI/V+4T9NVOqT9XOUFiYA+PY7V8m/8CidJ1Adr/xFjmsWV/mIwcm6/OO6UuMRbxHy4N0ArBHVNnoRqfACLZ4icbqALQ6nABrCNKKpGOx9mEmwNzCmrh0BuSNQvbh8bZPeHB5BHq3FbQBkmDYAwa+T27+/MOnsUb/Fs29fTZxFGToLd7HM1Me8ptN2M/GxRr+ftGE/i/Ax2+wpRNsn0YuFiaijUuJLqktUEOe6rylej3/Pqh2T8sCkR7FJyFpwnatRXBF/wIEYBlaGKSRXSux2cwacTo9gWTfp9f9n0SbJVlMUdsNsuXHMwMD+Xp3Y9evCr/yr4KVV6Cbi1M4WKK/iXB9AtC0/fEG4wpJobqI5UBe2QRYtZ99+LxT/l8ATWVYJE0ZASOHQ/tV6yi1T+MPQEljmnfZLrWnUzCZz7AGoVdwuZGpEGnuQBX7BnUcBPKWQfOLZEJ5egLuTldRY6OGRH6HNw8Ir8/oKYL+H++287u+z14JHBI4BQoiPAyQnNNEEHMqRQgcRsVctDRvBb/NPz3y9DWIFvXhCulB/vXKGM04xBPEVMpA4ilSo2OmW1U455DiLZ9JYzDX6RXSywBVMknvbVZ+QR/cQB2ksDDc+aMYRKk0BczrQXZJC2HkYbiKjbNeVuaAzN1g/XSMEZyhKlwzcGfKx/ZSTR7zlMdKRKyRYGdSShKJLwVE/UMaK4a9VdPPGkQTLu19vJr3SGSMa8AAQnsRI0hSnsWdApnNmsbn6lNK4bvF1B9lwEurENRmRQ40A/aCmWzdQlsIoDMqH5O3tv94T4ea7s3w3oV0jrKhUxlirYMrtro1thxjuYD39d7U90oZO6Kift3Xizo6vGLM8pYyKqcAIqYETacN5a9I81XZn+2wmTNff9alYoRoK4gfWNvc8wpfasnn8kfRW+fn8sliq9LebRS/H/7vSWa29rSX9lhmUQHuIcM6TmfVftEqNIwCM8bqOi98joWLc6k3Y4niCjMpWVdY/Bh0sMwt2scGCJUjCk275okANHCmsrpI3BCwM8XagoNiCtf0o+1eY56Way8wrUFf0f3lIC8rcQs3po3NyZqr61CyPUN7le8ePQn9OWiTUsKAETHudvMWDHVVT749i2lw8f36vrBit/VmiAif6UPZkthb0WWPIK6n9tFa/FEj3hKkt9tk6cASJJE7FQuHwTRx1v6GRy6zWQtV8ogXmrcsVKNUZbkL9kW4795s32xOI+UnxZ9hKxQtjCTDiydLgAu//PcKLMFy6X+V5zdJM8TA1ygBU9AjhNdAUhsXkfmD/y050Evk99oVkFgZQw9fF9iW+59SFylJiSwyMyOgccs+0XcBpHtuP39omKZgN1UXqtEGgWNUGTvQjtXK31g0JntEYOR/ugM8+hgM+b0R8EcPx02Xu6feBap1M9bb/ahyJV7NBKYFJpcnHWaRKK6xWYi2+tLjdDO9jjPjAePBvHxePP+WaG5fJhHQWEq8MMHdc4Yg76ENDmu9+XFTNpl5ZLAW4oHVJnV5WCDzah0WS5jV+AjyIbSRrCsi72FvE14zzYGRaHYC2i6MUUk9y7CXx5hHbi9c6v2HuLE/CXw7nJ+DbSXFKLdOInzPBe16ueFMOa+vfM9OhcrZy/GTqms86JCld39j5bpCvvWEMI/sv/qDlH02oosfvZni2h/L/HMwR5IVn9oTUbhJUOitLafo/huvfAQxFNDvZq43K0+9b+zwaO60uPZbTEcRTC4EzsyiCHWYQIkn3vtBkuzbXVkEJuVOOAXNnw+aUj8gKxwK7BXmgT9Frr8r82bqLvwqUjPnEA6MUITrBfXn8h3JDbrwL98PWEh1AmdHUBJTfmtQ/nXCT3m+IYS0mUoS/1D+iKqwZX7tqgB6QuDrYb9x/z2kThj6fhSb4nj2Y9h5CwuqljSsQV/ear/DzPHYrLMHERqJe67PZ63IrZoHQmwiYCHR7FOdzTL3iwvm7MOuPj/N3T+57DATzHVB2UdM5jPhYa7er3JKjnL1M7Vtt99KkPVXFaTaXbxS9QI0Qz+cVw6qVseFtfgZAKKgZXV6iGxP+GFIUhS361q2uZ0TfES6mlGdmxvhFhrKp4bSqcf9ARAMgqLM6GEUq17du3p1w9emEy8VYjc1Q2+38HJ7nDaFH3opb26LgLSc3CTgkrxZr7ff7wFTeCY8UfX4PNVISvJUmCXzjHlrax0OGWb/NerePdJCewPhmTRyLfIV4e4BhDJGFn7wwj1zP2h2FgxKus4zhhnd3swuma0JgjAJTY1HQoYNiMArf6Rynqj5b+WZew1wH3bD0z3NbaDOla+mKwAF94yqvzowu9UKxNjrLFX93PNOS37durV/o/mZv4zo/FeNJSDcyq/YrP3nLGHNSczGMKh7+5W7AIqA893sQZRKuNl2TbA5GXYAGZciXOwlxDVL2YUY2yrzaREHqRjQliFWega62CX2wEHnqoSFjVKE2LQD11l6GxQii5xMUe2RVb3ytsj3/CrS0caoaNWCNb7tLGST2HWLxI3NiKOcw8A00vG1oGgsf82mGMzmpZRWx9zNV9+2UgFToJD159+4EVnlaeeC043+Jr9v4OYcfgFpbJnmi2GGQoEwAzD+Zu1KpH7MIlPzk6S8mAILAtGqR7A5SgiC5esT52kovjLn/tavXOvQLgNC7Nw4shRTuYU/c86jeVt5zH2paZm7w+V63nE8uYhp5pFe9mQ2+qzowivR/tegVnN1AFS4jVD9NIwrVbbePbVzdLuNFie8IWinrsL9BMkPz+YA973cqQM4cmZxVO40foMHUe0NNQyffRd5xDNrXubmjDQOjJCyxFEEBge97r8X+HlExc1CLlQtFo97BswuZhds9Ki0JXaMSfJXyPiP2fHIgllCufrRAEmeMSLsDL0oz/UkZnLJJTUDw4y1aT4OFps2AAPH3v9GIxmEg040nSYd7ThU6vtr6LaNTY6VjJ4zH2lhhWEO6b3Qt8LUO44gaDkOfXGTiS/UgxCJTIRG4nRl6F3wwn7PD6DdzU3Ex/SWg0FoEfuS/ypWmBL0w4p5c3wX4ltBFHAHLuB/NO+Hx5QSsz6L3TWjVH8HR+4nAiY9D32NoF7gbZaTyO0Td548Qi3AIALp2tW9f90Joe7m7ru6HAZFQ5UEZqh4WQ7Cnh60RS3n3uQfddEo9esD+ZqYH/5aXzfC6zI8aXYW1Kj/ldCzWQUYRvpltrwHksFprdmp05e3DHwBC4AAOP7EQmmpbn+tOBENmcOosO6H+aY1UyTsUbUuwj5KM02hlFLgrAw6SrOP4hOlpAIoZt8NO/2nUkG0b4g49wH+InaxZXgpce8zZi5tXpLivkQqgwylBh/lnspflwQgThj568BSD/8Fc2xuANWYG98FZZiDjNoLZvLp/ooXbIixy0g8a+MwElJ/WSK62RlNgkFBAJn2StMDQQF4hisKiiRWFtj5DhDW40fWXlikEPkfCvI6lBuI+PFo2bgqwfFvhndpcIRejUzZ65Qi6SoG8XqaEZZARdnFQ8dmVzzGbTcWxqvrpTfDllJpJJYvzTqJF/gl3Np/0O1eNetcYZINJt9b0z1isZZOTFXUXhR2FpO0IOU+GdEt5kjFWUMGLFn9Z+Vyq04A8AnZHIM0NJRnngesiKOF+ZPMiNLL2FCaC7XR8Kg+gn76EtgIyvTavIdGUHxtAAiUnVCoaa7HqNguQbNwLYGV0UXDJ6PLeP24y4UOqzsKMrwuV8V511vIAv7M2O0f26Ju6dKght38BmaTMuZSTiRDM0or8431WUsrMF1BDNAjYrBrEafDbOjWvqK1mF+SSbAuCBhmXy+qdtiAlbvOUULyvHOh+AIMBkHUss00vhgVTMDjXZUDdT0YM8qHZz50P6tgx7Dr6frcL8OdmCPE/bLvUIqxTzM50q+Qu1E3tuU1jakF8z70EeMlyjTOMyEnJ71Xv+DVUsqbBzFBnQgwwsXqpO1zbCbRjya3Vs1PPH7TVsuvbisT0aN4Ik/gZLPyEWSz7X2c1oon7PoMQALEpH9u76TuByNHsXkkBiIh7gxjPd+NLqJnZM+8Vnr/RCw5u2FFcj1oFcr8xYBhCBZo1YwDzUDJssOmSQ8f2QmdnkyCQw38MmCkIDZkhxNhiVJgQ5Cba03Jpgx96ITvKnYga+T6EsRZkSRAIrDMvi4eWxnNZlJuCf+yf4og6p3yBQHlZwbU2LU4GD832xFBFHfA8bfwJVAJZ5n6m3iY1poXrwIFybBp2qaWFsqJ7UnmeZ2pmTUpoSJLTIj98P6a0QpOd+PmdETeARTUOldMeTTglhRldKkpjck9jD0FpLzdvgPi3RPbKzNsKb/BMc3dK0wOUQnBRd4KGWc/4TDA/OsWks1CpZIh906aBv5JUZeWY5Q3UX9QFBh/L2KoDFbNyTD9sAxGLlOjkoY+RCNh8wCZZw+nGcbWJ0nZ1U9hpbsALkvp6eYOJSBv22dTa2BHBpI+xV9P9dA2lyshfRBs77Wn7vwESIuXp7AbgE3I3Q7weGCoNICOe/E43p7ZXhpRYUBPMW4Rtce+cg3FZmq7Ofc4RHAeBcBWlyB4HfvYqy8I3naFJeBJ91e3bJHsgDTQBny2HKSSOTkbYHMRH5vInaPprzVPqlnHHZXqf4s6QJRrG7ZPrQniHtn5mF0TBlY8036HEN1MOLBDEjxgA+8ercO8O0Wr3NC6B5O6uZH0bX/5o7U80etLDrnoWHpYjlQ69jpnySxq29TWTpJOJlM7r2oQuif4mp2ZEaQ6/EhcR/nzq9CwBIilM7m6lqVZD4GWOmFvge1+rs3liDCosI3jnpIEt7RNoGAUNWtq0xtA67S2/fWaXPhJdGnCiFzF3uWJ9vWz4MTCth+jcACdV4elFX862X9reWxpjiRG0ML1gkd+nJ/snmAX5L6KNy6dN8UPtj5LcaBhGXcLJ6B1tNMzYLj4ji1Zrx1Qh4y9xvI0ddDZ3arIlcIzkRYMAd+ROnznjKl8T5ZEhenaYAiWAfYrIlBipgUmRHTN5Z9MHRyODthK3qGaxS5jp9T0TKinygtfquvjDITNyu6Qjpe6K5a0cJFd6b/qKKvsHW4PuD7ilblReRbKA7Qz7ILRIC7tFhzFQPWdLDqrHXtZvl+39ZZB8UGcYdnMzXFl+O+5dHqNpmTCe3yMk6er7C7Z8Uqd4ZFYJACk5AVfdg6lunK3ITPFHcEBo0+TR9MNvCjC/hGANx7DnSddbPP5vUdS0+RWuCzpDaNN8WuSW22Xl9QwdwZJkxgPN2dDdqhudkVSDac0yBPUexOPMM0tMsewCSDmhk3CARCoze9g5DcAUql5x4RneSUVJrvMCOSyiqwfTEpwnOohLyEQgN/rNG2HLoxzVAjHjAks/6XV5D1pW6Gr9ojMbibKhVTvRDq6260X6q4t81NrsV44bbh7YcvALq8oVjI8IVSeIJh28Q0Q+Cm7Mvfs5NN8oWaL0zcx15tGMdE2zVHw3X04D/vcZwx0laVDJPDzZgcmwT7+Vhv4lPAaiYcaNsFncGQFgF9mgO6muRc9Sr9amO3YWYHADLNJWMXXuFTqT7XHVBbWMH2JK429tYACIJe/i4dn8ISLm8Tu2jIDUaV74bItbzNCy8SOtZR20IaBXjvYfbUGSM0JMDkVlsG63n72V5Dw/D6os0Fsfb1MIb+nzRRgegAxqTxi6edvVlT1enrX2Yyu0RuheB/2gleS0Cc+NMCUEAHa+wjL7Z1J+00EIqaCWP3LHAO3BFZ5YPrhdl3RM04yos+fgEok4ENsSoCxV0jkVWNQIffNQcPMmXAEvaN5sAKEvVNsGqvfTxhGzEM5CuH42amI06ZF65D0n+WixQLLdpl8+vPYNHJaAGSSiSQyzGA9R7GA69ivqLP6xGIH7W/cfpnCzpk2mrpXmLNs8ZhzruRpBFs4WIr3pLCE2DAmMaqx7UbQ3ju67P1k/djZRp63yrnRxB0ec942zfCU8JuKxmJ/ypf9lrz6IQKPeOlGkEuPGizADZkPMZHBaXcx3+lOpQQP2XT0VXQXkj5OwQZEpHeiWf+iKfat4K9EW2WrOkEdDYIxkAIngc85Pgy1yCNK/Eygccw5DEo9ivErf51W7rK9LyXkZdYKz5aM30M3zvFh1sFaKjH/OwfV7wBEEg2nhpMItR3zLgDRdU3cwxsXa9Sr1PsUQW45NZxJe8/4cnKYVi4HCNCRa5nYQ7nZHAG5XXSO9H5GZRtYL4yUUjrRcWZf1EBOz5G1DO6O2Lg0KGj95FLcMSpblRXgj3dAyIvcuFGgMK8f3ttXNLFIUT/U3ekHuLw2IWoEeNOoZz6p6fXr/8KM9dYjibJ/wKI+b6WhNj2F/5iJCgoJEOWeuxt326nRbGYkWfzLW/vzu3GSnPShEiq7WU3+sWS1oEXoHRwocG+3P+pVN8kmwjgi/FJ8yuwSAWnBjB+KJOCNq/BTS0nPJMPqKUpeXOVZkHWlVY1bw9Fj6uj5qR5VUHqYn8vtYnje9A5uinU/ouefFmcUSndxuGP044aL+PQG3KYbNfIW3+m98IPxUfdQkBvCty3/GeU+DJjRAth4qLkejxagsWcb32EWpEIxzURZjzpZG4ReZBTBWzBrwAuDLJYzFJrgdTY05GBUlHvU87BoYcnUXR7Pvc9qer3GaaUt6phdz3SGFESIceUcvnZ3kXaCSsnJ3ZwzmtlDkUaC7vCafIBx2zgBkO8Xt+yBOhwCzD0qTAgc+LsPvih3rREwxNeyQzOCL2r2DhEZLEVaM+G0+MFY38ePPx0GW3vj+4WZZvdJF6pABTru2unHyLWRYcj9CmMxowt0GGaBmbxzqyyj5YAEkyMOEiG/qwsFfiMMbUjZUc4U+5kodEN3xPXzvlC0lg3Akv3vXaxmfAzOzATLDKTDqOhTBP+lk+EKhEYvr4gBEnmaPkehG8GFO9XA/EcUv/2xGokvdCXHnghydhW/Z7up1GH1gtKY2Jg9jUNP/fliP75isIDZnieYIgFQopAPXrGsLNCsiqQnkJ9dw8cg8HpYGjC6x3+6ylOEXtLR7xtpaKLVIGGzoHEEJqkmpjcwvBEdP4b/R3nXIn/Mrvt4fw0Mbqd9jI/89bWBBbUxwOhcJ5iTCi0F8mA9Fagib4KCS9tUSfeRkhQizWwTuIDpqGUodhM0NUPGHTUdmZ7fLPMjrPv7QyUdnOZp5fSxWUvlzS5/10XM7Yo2sq0HYimIOnHX0ZGNRSVaF0z3qXbAIBBalcf506Fe51jc4B/3zLh+6o1JISHSsydINGosfqXAyVxBYWr9LxYIpIdoBA+7X4hhyN3FyFykm/Shfg7IQJBhF49quCh3HCrRWb7jT4sbwLpKR0mHKRnwG3MfhLdcExwTFF/zM2fNKBIyzjV8yWfx2gVLNwA+K14pSvKQwFs9KaRNddbqCnoUl89WxcrhlGwZFIp4b7E69Et1O+nLbhy+ojB+V8OhHtUV7tSnLgp/5rjUMg9sNQTC1KTFcT7ioktsUJ9Z1vCyNP0KmqeA7ox1mhc6AceHS8KtSc0lK0FO553BaPz1KFVArEeO6E00JLhzeS5/vrz+xfnzc0H6vL91H+MqinDV649hlhRSv9zwZjGLG/ERCp/r712W9z1on8C2BCDqZXxPxYSBOMBZjm/ZHLyjL3eK1lR3B5khcgomSxOZ8+Swh0gWs37ShyQbvTSTnBdDJ/Z1aI0h5ChanOfzM6WSg4vWgBwAWeUUXtE8htSrmFOFE0WByDUM2bcK4DWYOJH6dZTInEZi5pLv+eBPXyUv5qoVBtRQdqH0jo/JdIvm3VwzxUpOhNho2hn8uvNTkNbuxEXwn1ymf9fxwI7MOYnD+zsHpcNt8nq+tg7v3dpDQNE87zAY4+H7dhLDUSidfDB95KZcA0VAD2g/KArHOxO+NEc/nUIIgXE8MBscq1UuVnZauQwlSn0WwhoRxONs9/bqbiXlSnNXlgpK9BU5SFjVlijg3z7WU8xWz9KOrDne0GiwCIhPGg1zFHo3hbBAwDsy7d01EwIHk2GTBfERAd4vOba6Gg138TeaYec+KaczSOE9x5PcQvfKCjt68janDg9NnIl08Vj9itNsXDlv+B1zFKmJJJGkPS3UxCWnG4hLGaqrkdXds9Ue6ZQ13UkkJFONQF7Y9x5LRQrUs1b0qVbcrFZPUkBcSHNfwpylwn1woek32iergd4k4bn0jDCZuUhFR/zX8rrQxjcX2CtEIRiyPuAdOHzfL3z9gHcak5VKj3WXwH7ifIQx4VfO1/87dJ3q3Zf8zDVGBNQqTEledbuASzKXsJ2l8zm1KD6uekWP5ZQYa+OzK8i7jCWrC4sVBsTGKXm0v9lsx3BCXl1Zs/a45VeK+vwk+UweC1alxKrks7rJpx7zDuxNyoAEVXjnLkdc4wNhgN0NO/8+lIuMOHgOOk8Su2XZnuvG9RvvTHzZoxt4P/SZUH9/UP7y+JMImdoO6KWT2PBH8qPsNbRDUfZ3ZF3s/4I9dktCf2QS39fluWR6q4ND6egrLFn19BxSvsdjMykj6nD1GUUet8d4hnjTBgv20/hiKtaI0bGbGOkCMeB2iVm6u9Psx43MbnJ1bwEhTV00r0iQlMjFRNfCZE6uWB/f5yl28WdoM7WigQFthPC+n9rm1uLqZJy7mNDGjm6wbcY//SSZ5NQ++/s5GzbOgIwQtEu4fzUIwBBaNjfkxtFM8qQuJH9kVM5e9qwrZAVfWPDB3a8fLuDzJIHSOsCIKiQ76cb8IfG8jdroqKV3obWIHvQWoHH3XJz5OvwI3YK/8swwFX5HC9yw11yx7x3XN9QMrBSsF9rlxhI1V4ALV9UVjY07MqFmnZ1SNbZmjMl2cXwFqYoAMqRFrTMKnt4XekBvsz6Eop9YDCHGxF+udgZAcRtdJc431GXCqVFzT2iv5jSkMk2oLS1i1zIZ6A7Gokboprg31n2siyg8qu/76sFbEa5UWT241yjnKTmTJwLBw66Jq/+s510JZdmtxxU2xux1NPLVCZFl4eQOUYSNI2+Zl/yNqHvQOV2Kj8cyZ4axNO6BjDmJ4iAG/sY7jywpkv3yvde2PHfIos4Pd7wOCbNY/cefpA2FwF7KKUb+RCWcZrWvFvD4zHhlSR6AFJxzqeVHqupUfJpUU4pOEjsVM8UYWLowM7vxqlhG99XgxMfnS6OkRexZDAmgMCwqjaYEPCYevMGmux+qMe/w09tHwulSLeoOM5DFvhT1e2Yz52FgF5x2zEZ0rctj/t93OY3jb417BHqgA+SPE4fMvtjPXmpEK0UZS865RBVjKYabtq9NGjrLG3NtKtrlIxUVnFLb9yl3XDm2Pv9Cgd4FzUlgjVU8R789zj6ZbqDFOgtAuWMWpQ9VecrrwUhgTSYvm1GyvOvBVxoeHv9Ojhb/rxLCXSSROWdI2YvPHVjfX1DEBLKxM7lA+gFKcou7PAxO2MRvBAtPPQW549N/4VrpZNdRmAkesZoMKiM/WhSU9ja5uDBH1x+B6JQNLhMPfzj7XWa/KQVwzFyrzEmzumt6QG49uq9ujv3DbGjhvjrtdd3TRR1NxxDroLEHqAEXddJZm+LX3UzedPCiCZxQc6O6qaWXSBSQ1KqUQucAIZ+ArxpGaXRiqKWxj0nXLm9RZg0vss52/heqfT4KDOpUSWSmFydB0b17MiTrxJ87/mdBxTUw5svG5SzsLENTGgyY8zUJ3oKylC23cNTzY/6+L3X+JEEnlNKxowmDgcfMrg5jKkGJI2fFseRDNCQiY9ZH+pzEDYWKKpHkjBpgyMPh+2YXKC5tgPow/0hdi2dVyn7hciAke3/teKHjKrIOQQN5iixjaYDtYC63GlK7qaLPyEB0s8VF9L9eEkmWcCDQyXo92fjLutV3grK3EMBadXEWuta1/X037cUXF0S+Sh13BQJuhDV6o/2G0XpeOb14bQXMLDYnold0AkkcCPP1B5CIZqNImEIMknGG/cg98yaXzNErzWeq5ZbSEO7pphr7RndxaF2/gf4iYpSA+JgQNYDDmDFhTbyE3eHNSpn2Ff3g4GvjhIzOsceIANv8zbVXDTrRNT9KeNiuwfwAs49+mVSAN7a1CaA5U1BIcTOhNwmtAbgtrIhKKV5qfsr2YhkKA3bRprS/IeWAjiLOSAUAixhUjavqgo5IOGKoe2Q7wAFTcaGrH35X8PgMYsP1p0bqhYwPb6sqCd0zHqKfLMpFm3yaLCpK7NTHjswbAVIVLG/dWpM7Zz9XjQTqPsNjv+GXWxEJP+4L6atjLi4lMDLdkOKiKNlTrJWedR1+5gD8kF1FcW92EkvJLyp1DGbi497WG5qt/nU5eN+KUyzfWEbbbvwjp1/08gi62WaOlFrhzRVGW80p/QryveR9h1nin1QINI7n8KtIfMEtx+cSmQvTS9VWWCssfpNoViT7mXJIuvWub6NblLZJpqFCbhC3/jSGrx8Ky7LxXrNsEGTBJwotcrzgWh9SZ4UgaH0g9v4T3xnXnzSIiOQmg8fazT1nn2B5uQSe+J/Pcy9hrjAxyD0UkAYOJqG/9nZ8wRAwexuHAmBg1LlRi/ex7tLlFWFEOTavh7vwXImwoq5Osjcb6hEgWnxMnX6ggWhQ6tN9++Ys5J6p6S1/2OgJ7l/Wr7917HjUp/OLSpU7mgJxtaOTsnLpeloRZ/myZQfE+3TmxzswxlnHJoDMOIElaBAzbtiCTTJcmSVAkdeautQeDvLMkng5/MWLchv1S4PL6I2fB/ELRBtS5Cah76nEQ1rtXyuLD0vPtNaOJsaKIpQewTIiRSRemCbvjyGgTmkXXI/GijHVH5RTPnTfA3oMF2VzQ4XhNtd5UpCSatkQj1xssoiJkpkpv9Ip4ctS/+Ab+yT4i07rsb6PNI/RUOlTD2AMPhdoUP7xt7CICsNLWFBMm21nkYsBNZaXyZBfCXaOZpz4CgkjCPunEsuBinAgBxNNc6EzEtip35CO/AF5UANBZHI7DBr9vSetQcJeF4piMTqFSUZ4e78f7w5V7bc4a4uEcKY5Qgx2TYFQkmKGkMHjp7wnMPJQr82UgUoRzzizx7cQHgLeoAWepUeVEc/LjLo3/DbFhmtB+KC1fcbP0VsR8xflzL6gfRkofAsPaboD5zp6bk5TS9MrCQ3ywVOzBjQnYeFzgDgFxA7irtLCzPTYeEFQtm7/uPtvEeRGZIxZBD0CUM0CSr14EUBwUvR/A0etM1rzXnYvp3sIh6sdlxcnn+q8ZngSaQBuaFrMd/FvwD7ROJwSw44zsUKFn2iT0ZmGX7gKFyki5CrvufvTTOrxTJMuq0ghcnIAoR3lHkjra1c4MAhS4r3ACOn/NeZ4Simzwfr91toEq0CCY7VrS7xjmwMrcvK58onq+62EJr30f75rsRR+xnF2fzcKnogf0TgCW6XxkWv5IQNuyI+EWSCgVXN7hQ+K9cVbFtWSdxkontzb4xUIXmrciymZKVnMg3hqr19G9fP5b/vmcHGKDl9g2fiLjAOnf+O0EVmXlrlDO25L0+3RJfKB0Y9UbyzqCoeD0EhqW2GkBHMyedax/YpnS4o/VaJzXeOuEGW5u4xE8qnniL5SbbzbdkPGBXQ/xEDfGXMT+XbQei13kXoV3ygu8hNz3gd4uPsRVp7fnwWW5A+J5npshQfcHt9gGHcnQ7LTlyO+sP5BuDA332to45IDZ4uOC6/b3EffaGsioqq0B90ULQmlLMQ+4ityxqkAzK/Qxu5ZvbSQcbgeOS2J1Q7l6bAMhtZNKQAMZOP8/gARCfUH8zfX5V7qJmuzimrEqXFbLs/Rr8tE9zjAYREheqWH06sJhIrfA2cTWJWuljFLPfSwSghF3kGlrVKs9tZmrBjBoeiPKkq89gTk8/VFhQCkqGFAr23LXqij7f+z2jvWGgCarPyubCGkE1MexcwTkucCJ5jrPID5N/Ui90Llp8G4tGKJzu7Gb9/c3gW8r/936/QD/GKX7aZxuemsR0HneAISZqaEAIuqMmHhGXmYH9O6UdVr0SIy16o8J7fidxWyGpwqQYbysx/D38T/MyQCrGMcpRdhUUl0QcCkEn/CX8xJ2JFHTT0bwRCSHHjZQMuRvO2eADgsY0moC3A/OqHbM+LTRdY3Fc4EvTlZukjsFS+1IlBShNdq1r7yXapmtywsidtK6SQBZ5YDbwQr2SFAWL8dca7s9JAStXv6c94aktcHFCgyj0WQOaTfA07KaGm1LtbqAprwt4hkMO26SHpd5ejk6COKlOGx3cJoczf0n8MTVt2nKzXfBQ4jtKVso7BcjBDFF93mAoIg8wG/Ibmxtdo/IXk69nf0vu9plCyzVyT0Ub7/9ixAFEjNHoKpwfJvJFiUwUzTqGVKnV/xasGKO9W5aQAWkLdU9rh36oVMO3XcdnsFNlz0wPDsmAcEEHps4DTDuzJ6c0TkgM/duTE8scCQqVAmvCtc6uEsN1eY1gtYIAFNqcLyg08nLmIsBGh7xMSDxp54B+ghPSp1vheR0FRlDCHZA6FVsRY6eVHSUetrc+waP2OTNsMlasMS1+dBWipC6xzxY0gtl3V5yWMcCQFo2XrEc4/vMAk5iZaFU4Uqj3ioJfcco7gvPnsAZu31dTHPwXgEfES50YU756Y79m0J+1i2hpgsBkTlTml11snpoCL2Gwb52+p+mT+IryHqOG4NmZiSyWKjeZ96Niw2+5Zaq5q8VFVDVAid+7IizLkFQ3Rb8fE/i1NWfU8JrR+q7CXsfm5Vv99XD2kSdkDZDcEgrCZxksyQvBzl07JHh8gAoUAA/zgsv2wQPZvgG/XCxpd4RUY9eGFB9f6pBLBHtP5eOljEPAO3W+UOyE3FVofNgQvLtChdjrWNiHHmcM9eN49y5GKaREC2KGUu/B0H6wGQ2/36tyhb007jAwMidAwBSjleVBTHvTDvJpI+VbUbayh40dktha/R8R36hEs9CcIQ4/xmmUuh99TNSsJTJw6Thmu/UgfQh4WpYyKtfFu64gQzfuaEVepYsLV0hMRWlyc6FIkbrUpHRK9vofJ3Ls+nNti7cVaMwNIMVIJldtAeISZzqDnB/1sjacKugm0IUKGAx9FXZPY5pUB/x0cVGIs28Y8efCeuyccx946aqQge9oa0Rhp3N1vBTt/lqlsp+ENT+JSCdAGNtzMONmpFt82d9KWpRme8QhBEM3fGPRBx+/oOobob0cOhPj2fSbF6NF2GBpkgjtwdGJDTiVQwsdFNTsBjr3a/FLsPK2ZmbMhxZGkrsuepwJxnupchql1s5iQflecl4SwWcT42ZZs7BazX4Xdk63sTumMMGGXnLC5yeeKhNaYq1u6fTZd8gGxsBMiNk1jl9/EcXUYRJU5wGQS3rb8HGufhPjnWz0UkJRhL5vB535ovAOekFoD+BrAliToXkQn9SsiGxhSSBJPFdoYqZJPEMDi9yEICowI4askBiF23+1ciAAGTYs7eAlvfQKvj3PNBHN7gI0T2KR1SRJC67C2Qs5tg1zv6YjiE+2oZ+dfhUFYyh96BBUiqjiUqt1QusFFyn9+NCf5i6rgSgksgeOG8jytJIVAkIMbsV/ssj6QFuQj3C0wjxqZlyAt0c/fZUo61fo74zAuyGTLnH5AMj2Epzgx7s0oJRayelXLKHhFp1GlmQkhLLVSojB+c/usFJ9+ksssbI1PIiZO3NOFSSfKkWopnZGGZqb1TYopr0ACfCpjghZTAAfosOct9G/ClOm6jmuxUd6+xj7JN86011fBSAIasnzSsS/jMSwSvZN3ew23hFEWhmgvliChfkPUZrhhEvbVo3bNfJqTUvQnTUFybSq9GFwOwbFICWZPjkQgEwPxlN4C88vvpQMQA3xXhMKJcO13Cjs/N8nMZuX4dypaEiqiuBCr6GxoF3L7JhPcE3vNCfuTGvA19rMMJ+xK1aXWbnMT1bnbcpQUl66/MigcZxaauR831zaXmU2JKJaaclgZD7gNrncDsL8Hws4IK2FC+0eGhHzpz/pZl1n0C5bO4rLTCAVB6B8yXl8lMF8jmMlsVteEHEKOVi8nGM0nEWeJirhtDpD/NlBMZWy+aHS1UilbWfZCtpiNe5k9Z/0NqICbrGHKx0PJ32GvDIOUUCT9klscLzz/Cc2KG5sXG9yw5747wJwxl3BIYzgOHOY0PYgzZablYxy30iieTy1rQFNFRxSVmOjETnl4+ZmE5VyCvKiLp46i4ZGTTkjQkp7PioKWHDIGx36LfIdVrNS95bRr7Q+Z0rwnLw84gAAAAAAAAAAAAAEVYSUa6AAAARXhpZgAASUkqAAgAAAAGABIBAwABAAAAAQAAABoBBQABAAAAVgAAABsBBQABAAAAXgAAACgBAwABAAAAAgAAABMCAwABAAAAAQAAAGmHBAABAAAAZgAAAAAAAABIAAAAAQAAAEgAAAABAAAABgAAkAcABAAAADAyMTABkQcABAAAAAECAwAAoAcABAAAADAxMDABoAMAAQAAAP//AAACoAQAAQAAAGYBAAADoAQAAQAAAGYBAAAAAAAAWE1QINsAAAA8P3hwYWNrZXQgYmVnaW49IiIgaWQ9Ilc1TTBNcENlaGlIenJlU3pOVGN6a2M5ZCI/Pgo8eDp4bXBtZXRhIHhtbG5zOng9ImFkb2JlOm5zOm1ldGEvIiB4OnhtcHRrPSJHbyBYTVAgU0RLIDEuMCI+PHJkZjpSREYgeG1sbnM6cmRmPSJodHRwOi8vd3d3LnczLm9yZy8xOTk5LzAyLzIyLXJkZi1zeW50YXgtbnMjIj48L3JkZjpSREY+PC94OnhtcG1ldGE+Cjw/eHBhY2tldCBlbmQ9InciPz4A'),
	(3, 'XIAOMI', 'PHONE', 'Redmi Note 10', 1000000, 1100000, 'data:image/webp;base64,UklGRvwtAABXRUJQVlA4WAoAAAAIAAAAZQEAZQEAVlA4IBwtAADwzQCdASpmAWYBPjEWiUOiISUkJbE7QKAGCWMva2+nXz2SaCnsu9Zrldn4n/K87jkfuR9y+NvkSwm+u8r/rH/n/4z8t/mF/tv/N/o/d1+fv+P/iPgS/T7/Ff4D9uv7d8Vv7OfAT+0/7H1M/y3+x/73/C/vD81v/Q/cD3b/7H1A/7t/hutq/wPqLfyb/Lf//1yf+5/tPho/br/xf6z3Of8B/0Pzr78X+AdN/5t0uvFvz5+9/cL5DMX/GL5NfzJ+99aP+P4e/MrUd9c/538w/eOkV81fnf2e9hT2Y+wf7H1fpxn3v+K+4D6Af1k/1f5S+uP5FHmXsF/yz+vf8j/JfjN9Q3+D/3v9N+XHv7+n/+r/oPgS/mn9b/2n96/en/R///6u/Yr6Kn7GGFjaBolpP3HI1nj8ELLJmTKHK2PhDmAicsosHuYagdLnbAGHQsfnpAg36dM+NN6CjFLuIfa6OUQXH6AuWb/jQRNznoXiBwKDx+8urUJCPWp+KCN6nOsflolv3Y170LEH1B0/dRcA2yz529ahfYPC1EBNnfAxnpvpvfw5QkUw2DvUbgYmhb5305eSGpgbgmkHWkJk4lk8h2aclbru0pZ7ttxUP8HL9x0afSecf133SD2D9hrBBE3lF0FGGtzjIurpIF6RqTBBw7mbDwnNTuCARFu/BtgG5VmGw78SnEJboNeEERcfIcRlxmHhR1Ytty2r9r5a4jJmERqsNwNV9fj8kOWf1Nn3FXPL3XqtcFXjb9qupBKTpWy7Zz3aronU7X7taT0DyE+1Q3HXT6YqV+VeP+tCbO6q0bXkp6VXw0ns+2cCaxFIH7DcW0VjVT+IoZofjMiHuPVXYaiBkYad6Om+QX//aPDvoJiKUrQkLWj/KaH270lm19FvwVyW6U690c7Ah8UpwGeVZX4wLTLyuHYEi/o/PCN5xRnu75Ue96ySV/kR/LZPb2rmRg5zur/gcLwgerVvrluHJZ58bYDbTaUVrh/nDiXL7zfBLAj0Jd7B95ZSZj7TVRsiA2yH+5zbRAd+ydNe06UiW1D6L4zSr4dgZI2/m9KhipY9kEmhxh50LTNtZzOMhMFOllM+TE3nyC9od+EZ9goZQqnPfYx+eM0r5d/3hBdk54+runrQxXEILAb31jNuSO9kBvq+RPLrNgY10yWCRwe+tBmH17x5lWoPhJxQ4BN0HhQt8eB/JY3VTCUs9jF3BUWraW8k3nkEJh0JwYBXK7mYPUgWvotlfYXBxvdyHJZFF1kOvquf+GoakI2Rk5iAhoTC1ic9SJf87hmLWFLBNO+ZeRAUSQuJHd12ARiz390Fbu3wlFnZFfTc46pE83urBN+VEJ6adJYtJi5rG3VIPIHm2FR/CxFwHMOxIDdB5a7Uyg9awc9bm2MT7yrFfyy346hp5YgajQiB9U8I96HLVaI9/1Nyus1ZYlMNFcwwbKUC32+WgFTAIFIeM3n35lfVvIuCCihfvoXhA9Wip0QMr4lpapeR6sSEvDE5N5kEPEISUJXshEM/cfSRcTzniW6lLcH7uBeMRVT0f39mj/YN4NJZqHlvQ2EF7mXy5rcNNl2eNRXq1gSr8FEvBDxDySjBKhPfx8VQeQm103+cOqNsyuEK9/wUo884WOnT6JKBbox5Ylwh2EKqrxq/yAlxb3HK6+lfLwDZihGB4Xsxk/ixz7O7I8Pe13zzSKmAR7Or6swULEnW4YSsse8J3WdhOF6VyrWjqHDt5xfOnSgnm+M7E48Y4SYEwGAIVHCIbNr6LhyEO3QlO6O9C6WFcKMUbLn7uqCuaLqCltv8jRj+oc9wiEJ41pvLGNO65TY2Ek21SFXV8z1vMdGnkhzFxXd/9IOkgK0o+GYPkr2Vx3OkNm0ODlGYksTfDZs3t4qbG/ZqRiktE+xSZMUK8n7LqD0Vvd9PEJo//zfprJed+edTX4oPWPtqlWL19sg/69PYV3VhgHG5WWnxe/nWRHC7kLlJq9rq68HUEXQ59+Xj8UvCSs+P663fm3JnyKrXBV+PZTGPftkTJCdIXee3YQfpWqObPOWQo7z8EEPpZ6GstjdLqKwQKM+P4sg7iYyX4InB1pUEno/MWyUigcDlBD3FtfsmO3elYKdPziNasMt8HWi323qEKJq+4tMGN+M17mN02WIDoZTTMvR1nNTJS/+0Zf1VF5vQBfv6pv9WZo29BhVr9+HWqS7cUOoxv6d0PvbjMcAA/v+eIBrfMbr6/Py4Vc56+a/sGzp+HlgdMM6lXA8IrTTL+tajznU4xx3FfmACPJxv1eJL+8E4n3xQEyG1Zf8rBtvK1aGRWhsPg5N8nY5aBYccIW8mUuYPuqHJnVjWJ2VHl4JMyAubQaZEju/41hVxLTDQb/54hDb/FT/mxe1CXBgLEBrz+9toVUKFQh3CyKCbriI/ceQGeZnilFSFxYY+Xbo/niotdX5ain/trhNOxr8p1IXNts6meyDmWoDTGf9/VrSA0qQPIIC9L1k0sO/hxkU4H1CrnOMe1WyevFgfh04o53q50QTuEpYDWpuRfvASGkZqlfeRLL+lCFa7bM46U3VIdUT5yYNdRYbyAFljeXQ7vjJnVWEfEXzoUWFbz3hmU94qCGBBnPEN348bBykjhX1tQGZE1NF+OguduqE2+WOd0bhOVhisf0N+pFYRRj8lha5AFOSguoFtuHjWN+to+wFwo+n/4v/LztIIFvZnbeRsMGYQJrGvqYXUjyPC9pwUBnloiepJ9aEL2OsethBG6lztzAJZhXBS2hXJ2PPqJ+wbv8FMmxg4ZdJDhK/i7VywQaz6o+4BKQcg0qmcCmZ48yQCm/7JOxvEsfd8t8e9ZXHksv6LpWtCmOEzJv/btHv/vwb/J/ico+/2vp493Afzk4IJ++NGr6nqLrRNaiR6AODH3RGF56Yvv+MvDPOzg0ExdhGsFXRVx8RX9oShEF/oOeHwmKIn7w5SWrRnYqV/2rU/mOF8n0hB48wCJWR/XkjwwmeJosBFwoxDAP6DuBx/RXCPJujq5o7Oj6F2l/FpezPH6O5uE7+SvcOxWZIfcvVce27b0xL1JStzjEFuuAoHWpWMVXORycyEC30FTWwNb7ZTJORj7SIHmcBGONA0uSTFm/qfB956VkZnryoM93tmXrtaWlTTzV7sQj5FxKGhfUoCRZK1hhk4N80UO0epO72PSc+DyQyxM8ieWb6wAuGk1CTg8eukLXLvqzjoYdJD0NAl84zv4EXZH9/7lj+6T28hyfgzJNbwAN6IvxqszkIHyMwJoq0RgTMQkPP9zjeO5YylGIC066pxSnRJkrR+mFy/kBbh/CzrZTRI9qiNZcOXk7y6vWZwLbKc43U+rVdkEFiHpCTWwhXPfh+sRcdEBTwFyzKvTe3PBluku4Qa4koc3hxYIWUeJuZWxZmpvZ/1EnJpsJP2mfRzfqlpumWo+OhD4atZ8TZBNF/6XPXErM1jAkSoeiD6j+iIT4PigzpyUMg1ESK9WIErNv0FOJWcfnUbaiQn3QTtalf84zbKhY0+1o7jxbbJqmfD7ggR6ZezjpuULpj3hW6o2ASvoMtPj4j/uNgiOCmoIWpFeAwVff2WkkQiO6Dw0xhm1GUCz5GWRKtGdvIOngeS9+GWTMr+VYTW8bq/fKIw+7cAeKfWjW/BPNCzzQJCqL7ZIoRR4HPvoEQbnbsrn2ZthgLI4zYraW4NdXpMX86DZuzkANECqJ7h7HLYGKzfiCYLmVLhsC/+2ms/FjeXUABP46N4D/4H5cQV8ipqZLG0vxsh/hTQjMgC5SNrOe9j9DZbh7HnIQ6+jhMZHn81sZV+z6ubIOVEsSlT43Hyfcqwn5u9mM8eEsk87jCLML69tYywaBqUiMJcCNSvzeZqwJ7Z/ypi09dLBIDIaTer7Aae1dJipzdRWxGV0/tTlDzEgEBqEj9k5ABgl9Da8l+fEWEbOphFAKPxNuIp07E6KX88H/nOo8dyASsk9NVKQ/V8S12qF5nYB5tZ6qpMUtyxjfoikUGg2bPsH10gKFInc/vkB8dA6IEs+Em8X8j0HBe2z+J77TVvE14smqXefpR3sL3AXBmp4fQYvmang+tV92MTvykVJLHdXj3soRTC/I3pCMXsH5z6PYzDzZn7AWW9Z1qcFQPcANLeALceRGfx9KqzxsUfZpU5nibVFo6qccIjhz/YZpmdr/pv4rtex6G+UKWzCB/6haLqEQGknSGN2Yi7thXvmZItjKVml9GSNcPK/+KpP0DfzigBK9R7hrcFO9fFYiPgXCVwW/G+hOhXBzSesXobWAcjQva/bHheMasIPp6nvwnltXoWWvl6clNf+oJo6FYnfT8NPuG9VXdsnIa9p3wu5m00p39lE76b2CLCEgT1wloFGJZtr4kaauTEd8qjnop3Wn/AONvSFLhS17VB4ay4VwmPS5sb7pjtXiqwv/riABE9rewgOQQR6OsgLxQ3ITln+uU3tpcgdRCIWySd9oxNTyad/7uhDn0ixKg1A4Vsovd3qi5hJrDpGx3nRI4pg+Smwsq/RtBfPWZzYgkJlQwvwvoDTqNj+iw8ja/fXOvhXMLjH0y+xBFMxi101l7+xj/8GdQo/KG2mAn9y1/ZKyxQqECimeeIbDdyc8ZKIOoR346VR8mgQCxM+fL6hX40DWYfhFYKSLabtJ7mPOhTzxsMVjBVUD4zSy/Oulzd7Pwla0ouVSd255QWowCCUdF9by48gFdQgoJvfxii1LhynVelZ5GvpGjcmqLw1T1+ZZDw+Mt6zvK/GLENyTYgWo40MFeZrwPHf4ZRYAIRyTozoRfQo12atqxJtaa8v50xGVp+DtEJ5q0ScuRJpZ0R8OT2LHhowmfkTqrBgZujl8T1DoDHdzXZACkqXBEGX1UCknWPE8d+IT/AAyekJe8R9K8D2WpER2UxjMVByGJM1xSqxFFtFKjBCJsBpvRCA1vwgjtjNV5oxyzYqnLwQXzVhP0FuyjMj9bN5HQfrO/lIEe0UTwH0CyadTeZn/KyprTwel7/Ra73a6EEF5pUBTdbThAHxcabk+VoJ3u8qTCF6T63m0SURQnAY53NelZ4GKeF5eRZ9jU+WlfI/5C5CQdH1RmDeAsqwGCr07niWY3r/1dcUwyRPMA/nTZvNhpbRS7SeVj1bdKIpZjCC3NvQT7rWJzZbvuLMM9cN6jHGEFxE0gTKuGbDB5gC5Qe7k0PbkelykpmuBQF3zqa1JAXbfaqrVnqyO5/fgLwAwUapBw4jcp6pNSINWJp2vf3CBIr1dnfKhgWLszLlaRt9CAlzF5C1t9Dl/4PIcNw/uLn6+GQJF2CpkLR/T1v5y3Y8MXNlAk4CHLbfRJuSfChWmOS4tkDEZ8YoSafsreKl6u2KKNVAz3lW9hQuJ/q4yyZq0KsZ6nRUAnE2xgw73ZKezLrJVjY6h1i/hcXCfCIibh07NBdGRNt014OutC5sbicOwiSsuxD8LUvRUrXhzUurJ6vo67iMoYpIhUn9+Y6sOy8cSwDmwx5mcUTCNJN0+o5b8IrB69WkRJgoR7p2qYikWcdrmlV1pGzS/SeMgAWCrAJTVDRB/6qPTds27OmALYKGuJFJ0g//M73GbZExzqFdmKll6AevBJU5o5mRRFjrts406Mpv1/IPBIm8EjA+uf7yS1jbsAcUx2BQQtxgSEmBr2PMWya3xDanu8u1HiolAF9n256+5GweOU83zYA3LuvQp53KEBdzaQOO3q/lwa3nvTjIw3uumAOMIVu/BBXjkKW7zF8HeCGBHJ1wl+rb693p9n9gfMmIhOAZtapafK5cfuWcxM2i4KQnwo/3M8lWlpOqjpRh8IADiJIzhiWx5WCRlgfVE1BRACPa5pIlTeGxs2JwAsFRKRNgsJAbUNDyq2ieKBnXoWPBpJw+6g45Jx1Xzz4H7C0u5JJKCqrRMQjnAOzCTZdkWLcS3yeJFr8WBWKNjY8cxqcD9Tcl+22i1kl379tTUyMLUbiCIdLgqDEUoXpjbvbIcCKfS9CNrOBvY+qOE5G3V/BvYr5lT0CuKt9A7fciP/ZWl3npivYPQpG+aXA+Wr8YakguwaXJy8CU8SGGDNniFyOyOS17N4IJEIF0HHis9LeKtKlhfr95ro813g0uH3GFP+CSpk4Q227UX3kVya+Ao/x08pQFQuNc64J3E9Hzby3elHKKVrVQcHCOBbuPCC23gr0cAVf7127VxL9l6wdGfiQiyYVohKjdxxfu/ycQmR990KyWNJPzZu/FoWeHDuV7lJvDGbT4qXQyOTUS5T4wF/dytv3DDmtL+LbpIjoWk9E97DTdwQGOR8lOVfaSr0mokgIHkKrSZnc38yl6PXkDs1Z//5UD69c1KD7/HtbypMZxw//ah/DllfmbK7V3yQ0ykjiu4bB9iuLM3dOqta5QV2dLivprHg4Spu6Yv1/ebF19LLeI9jIYZuRGwQAASRgw2JaXRhrUEGniPv7fM6NthWof+nTSUM8D4VkL01wzVpR/Tlyad2WEwZBFIHFunoNpypkQei4yxnt5UvfUevv1ZyXXM8iaA819DQveJ3IJcytqMITKQb1TAOqiqjOF3QArMdhAVfrJkrbYuXMkRRotHQWp46EtMnI+GyWinlRO6UBtoP5pI2XdrNhvJDp/E0+futxgzVn5F44OriZN6xrY0c1xEZkyIcb8pphXpMqi9k9UMRLJaaBE0fih8rkM99dTFtLfxVTS5sRWAXUCfJkIhkiUmllKFgJIiOx5ap/bQxeqGyIejViwDZZnbpqdoXtZoBzzgPPb0PJCjtGcE6aNMzOeC5P4P5JCxyhFwzaAV/DzaThIKtjMh2r9cgTNWWnbra9Psm6Fdb0gDJmvOjkQmK90PeiNOC1zrnM+btSkGwYV6gmXmHLa9Nnce2FQdhQ2ntzWhYnsHBmGXssERCSIhi6H8nmePm8QfC4//xyAPG383LaqitBP+1f7pkghLRlK42ByosGVMKe1x12t2jpL8RfWIhTV7xLnYUufULXbHHuxXc09nyBaX6/Lo4gns4Z/n+2kbCIzqaEoW+xr6Jfj4Hu5495R/FKkm2BTfWRJw9Gyv/amOQbkJlBOFX9ZETn+Jxj8Gs2GXXfXQto2tP+/R2zSYP5ZhRD//6WEE1SqRjt1ZIDdt7rGtTJPB1gwP+hqqqbvxVISC7tUshGcBfqGgUoFb9Nk4HmNX521c4BDQOPWAez+btrLjBl1rAChp49e7YyM7rO9YdbyXIjvsA2k6Sd0wef3rhuTUdJD4beQ3qcDB020I3nU0mcf7eWMU0L3eqpHw3yUt54Zra5qYtMEu7YeQj4HwlaL7iERNvuxcRB++Z7caIFdOKZJA9XM5AEJaxXnMvk3nc0TLAmqs6qB5ZUQ0h7QOlrDQahIqoSjC4bbv5e2vZHPSsmcAbcv4RGLG2NQHooekZ8GIqkjP0sNj92GvgC72eq82by31tc3P4U2m6uGTexH1YwJraSHqC5cKPf4ncIl0lYFLJq/5oS5tEGZLAk3/Cmuui8G0KH8MnJBJr7F2HcGGPg4AGnT8ROV7N6EXAEM48H0AH0N9cBPSJtxD5DGvL4mLJc8D8ZwO4GTh881sLu84OC0utovLSJeOkExGDIqnsaKV/caUT0fsPrOwd9NeAQt0jbSUMcMbdX1eIuIr6JFWAyfjD82aDZCsZr3V7hDkcvNLJnUyxQBTZ19bYVK2NpKsGsuMsnudY1sKi2jG5Qk20cYOa1t+uz2lI0SEoRHTSXRGQFxrCXacXYTIWfSBwJjCBCL7+xg86jdS/OK6osOOAK4cbaK6oHWhVQQb6WCZBXODa/ZKwNk7mskUoT2c/XxrYP7hzwVvnn346lUlH3L4/cC+0vSBL595bhIhtiI9O52eBLRVOsBNqT7hsDj9aEpGGyavpKB+oU9g4gbbrZkpEwSeb6nwNECGStW4Wy8Q3YTX2zgZR9mO5K3X/go3NDNAgqGQIH3VN4o/EM/cbcV5bP+9hYtoe4/w8A3zHIor1x+DHawhuigkcWdzuAHkziYAGcvc3ZNHtP1qJd7VnM1/MMekm+cYraUFrSpGahBPZ7wcbWOE12pgTzwolVU6VpytmmYptjZHaRXAjX6CdxF7/4N+MqMJ2HEmkXXQ1IPTP5dcL2lTOcJKPDPV7Rcrk2B+Ng7ngCUOm9fBmrDsGqp88/Mx47mDs9mj+n42jm9NsVM9831tXMhllOF3PbVZYZXgHiss03FPUXQYfgLEa4zwHEJ8KgQzzizKwFZRgHV7krA74OFF5v7bZuhBztfVh5Pi94pIUOoRiEd5UcnYlztcUwOCkohLBHsGdPXHtXdEanq0t5p3iUUgBVHmCUT08fFc1llqiITLj3xTvw7sDFBtTFIkErBi3nxAm4OHnMLU0Y6tJ+KhJL5uHNmTytvCy5vbjDC5Jgb78YPEtkraPLokijCnJXP9kJ0R9wQdb9t35kD23TTL23UPDrkp64zuZ53ZgxvsVoI8R4HTaZ7HmysC4x/Hg3SP77F4PX64rtE38cd1Ipt9lF0Xz4oLSJjHFZ30CnYMomeDsvFAqYwrL88AxuuxrrQBDttOzHGSV1RbBH7E+pDby5ODt9j3APENidbVCBxb8ghomiTccECIPxokvwxaxxcxa9rPjfpcqZj5EwsxzVf2gfQffKdlyDK9BQ5Kg0M8ss08wN1zgCegqvBFXd8ClLO9ERmfF/GfYLDcywxUwo3/41WoXIeSPtHS5hCTxzMg8n4cCmRbTvzLryVW7d5yaub+kxp55LVkDAWDt8kR/hqKgGUIohu6OIKq+1JHju55gG7HVvnP46bkdLNJWypwbewwX5Xro7w7hYrShlEokKI/eEmVD+2gIDFPlA2Uoct5d7xNY/jBQ+sYx/7ZaeRQP12MTydLdqhmP9G5pySjUZ1bGZKkO/AjUwqOtUGNo0po0xTUSx2Tn+GvFJ+Qx0pFAtWjeFCmvRS2GyHuCNcnoHO61ljSDS9OkP/CzwW4HiNp5fPaLCJT7S/bbBjBrNudIwVJeGxrDyVN/6dLhYi+eS/Cx30Jz+f4fcWrtn1SjIZLU58KWbhExfFlClwMkiPiT6EzRISQoS8/qIdKBAAdrhegu8yxZoL9EqpUCG2Nfbyb1imbExTgzz/g9FsMKgys23iEU99L/wU65B8D9KuXkrkezGZKSfHUEJ+o2MHbBMcs1s7dy83ANN5H+Q5rtnpouETKoec/X8XFagL2+Pfzb/2J4OFnhVn4tDdj7OPSm609P1zoUGw26zt+riTtg5uL6zIjbAWJYPPFxypALA11n1xXQohzPFynE77cizLxiYKvVjaqPQa4lkfDgDP9EvuzZ5cecv5T70Mtgf5wfBMsUAkiIHH6W3+wb4gW2o4cAwMGfZN5YZNksmOeBsqFu/g8GIGSsQyo0X9bJy+0hzTH/zfdQFWVJRcHSFvGz0YNcrgDN8ZPPUUBxsJy7aNdMFSZiU/0Jz8OZW3qV+ayaOq4X2GHSZtdw+YIVrrdGrjehoTLMG7FktCQBUvsUATSAF6SQgNRHwuNOl437Obwjn4QM7TVDd2LLtYguVEdFo0N6ooOy19lDyY4neg5VI07i3jPQ5YVs0HeldnsoO0pDbdSq3SgE2FE0Y6g+SCSGiDPEzdM7C0Q9Z7oCnN3NU0g5GBarZaGNyy3abxayKMiOXSuzY+OjGLGjW4x3tapwE+DkL0Q/iV7QTkxAOoX5di6oXRGv0ilfbvgOaEw/lbUrUSj6BVzCSvX+eJaMXePJSj9E3kBJMwd1p5P92uEO9G9XpYa2UxiXHsf+t5JwWqVAeDCVfKPS14pZtSVFtp91hSeII0vb9lvsvWgWWIGHz+SYA+d/H7GdbVm8Bxb8WetuiyPuxK1Uxe5ffjsqcNpdDkhaTCzdQ0wv85gpHXPYGbDYuV2JbAvDLuTFYsqrQojwDtSAX2qGooFSDeKcQqJTGZErGbyYcqBuT6TxDUw6fe9SqWcZm9pT9Lm6flMEa+QM4eFRP2nO7QNF/tYBLLsgDv00INrOSw3iSY6SPbp/+ADi6ho/OFAzon9+vbFenPRm/i9C0zb9bR5Mk5DXXNfv50Ty6rrFFOczfxffmKjWNzCn7srvc1iuU7vzA4KYb2/0fcF3J7q3M0CYQ/lAZ1lgwDgSZZBdLlggsO+W3vFQ+Sa4B1HlA5z8vpzARmrxKziyrEHPX1miZtG4umyruQX3/yB42jtqBA07ITtJXoUjw3mG8Y5QQiFHg8GxwVX3Fb03i1ifo1WwTByf5pHGYsm47FH0jteHWPs3nm/Cb/4NVI7pDNLS7xVcodoufz0mU4s0cjEJ71fEt1zr2WMf/BS+6M4Hfg2CtBx6kkxTMnd4EmSqohm5cmjhja9sDBd638HezgjvVANDxh0TawIe78m/jA2Rm2xzOjhBL9bGlW/CqkKhrhDdZcy7OcpIL+w3p/qDxMpiEX2y6puIGb4obHgg1jkkWDWgyY+5EWpgNgHJrc69dRf+po/1A/C7ERtZON5BjfIpImEURXbD8+LeFx6GNv5v5kzN+sNdX/qbrKdHxI2fxjYYMsXuxQ/8dRdpbehDkFbcQQX/WK8nYZN443uukZz09UL5faxRmzEqtsSEZMBWa2GgIst4I7bqEZtgM84kb0OfAd/GZWvh69ppvzNvrhQLWWA8FT1Do82eM9VkMYsBSb9ZZBplHhvY7K/P8GHL7Lp2KCjVuJEZiA4QDQGI22XN8I0BPzYI+dzK5Ip398TWGXKbENFaac+fcr6dvD3TUrU+CUaNDI/BSvIodZO8Ui/U5x8rFdbUkccPIOKB0E9RV6p4NJg/KiY9ic86+NYhecI42PZpD/XuFrEillidBDMWIOCGDKVszOKZ/cd3xb+XydDi3TaVKfD2+hNPUHQzg8A8uiCTiVy/NrD4SDDFEMiGHaplt86jKav1sT7iN5f9suLWZICZCvcLRpJXDokOLfBkFaXP3NW5TVd15wDHg72PSyDi/uItv4T5banZ1rMtQABwidsMB//VgxKA4gXtec7lsMw9qZ4j79gPxGW22hhVfCFe197+1dMw25p28LttlzypZaG3j+dMAmywrpHmQ6N09K/8wDxS3RtxdHUMFawj3iuY7Nj+JcXVP2bgM6t1s4QZb5BAGssxsEzPVlBJlnmB4qk66gZak/IMWvu+z+p4Xx6Hl7w3AK4OJC9DmPw670lGd+Ge3wNUc9EUVlpg0FRupRgbzINw+pp1RtTyttuJRR16rAPAQdIUiaAAjAed1U7AggaYQQY578hR15174JhNuv1VzLPDTi/vNLrEB5qbUM9M0mjd2WlTK22mIB+b0tdWQgNTiwWjpZ0VtHAk1SsGx5ZUtIXYWyPS2zZdLf2Y9EgGcaSVm+tzu7elE4Il0jYGeaZ66RHB3HQxGs7o8FDHB46rR/c+oy7n/WWB33HAHaZoChIgmAl2MkU6EeivbmyITqB3z1IubSuyb6p29KTXyocub5QplvAymk7X5fBEgs2ClRrCpMkQkffLC5A029WsQaK+d2ItWDOgajhD+uMGCwutrHVTg4lNNklb8xkZ9iwdg2e95a3cKDcV4qRLYgDAF0cm+35k7wGuMfcWqZbIhKcN+XfV1D1hjHDSl7gPX6sWCvUbaiORb18mOJO33OPLd/sHm75dp46uet0nvey7tOvxA5efe0MppDM8NUDPvTFzzN+WWF4zRhYqSnJBOeVF44PurIB0KA7RMBtnLS9p8O1yOGd0xbIWVnAxJxtF/KiTwf1sTFd8gvSLi78PP8/0hScSyAJg4+wG3n6tI8hTfcYxdmUQqKVGHfrC/0THdbSoxQz95owkPTt7pQUqVrAuzqRB8awzjJk5aBUBtG1NKWb7fQ/LabvjPcJHQkzTzcQkD04iDe0FUiBPlGWbgx9zTrNolxaML4pHpMiXgHu8ySj9pnnWQw3Nt0p/sES2HsF6z56WKj6U5wUmOkkhb4ItZ4XZYa1SERGC9dLIXRK8o2A0hzP4DdJ+80ZgLXAt7LrQjrJHVZaUiqAwlO5dxhChVpIDDNPMCOkDN36ae79uHT7TfBWRXk8Khf2rfTE0QQvHClGCRwRQFfAw4eya2ErAFs7tU80xeAbE/VYo5p0geC+mN0OvpkeMmOk5t8qEPVUH62FTMDBnsidSFrWNj2rDoh2VxYCWSjnitG1KuFAr516t8nVAaQ51M2LWvPNJ+junTJdYDCxLyzVhsGfwXvwKsOhlCpulREZ2yNpz245O8DlFznhCBd9cI5eXHh6vrjxqh9Twi8PesTAVnrBmppInYe6vm4RO3v6ao00L4i/2m2OZe4KtRe2CI0O88IQwOmUzlUXcPwutK+QpfiiN4ju37c1I0j8d9jTd6JHZou9AQ++pdvBTCI7WvxRMAcE7cD2mMo3ApWoj1uzdiv/Uwo9lJAez5BRRkB+8PWx0pFYhsJ0hNcskAkqgSnGjlTvgcCrGabKD7PVM0cVw/6VHzHwVTXK7Tgog8NAxpmV5HAIrAchRFars1V4V9s9wu1a5NrDx6AKcqEeY0vPZkV0s9lXZD9jtgYk38mrGkRF67zPfxc063kpQUQHy0gRE0yYJOhESR2dv0d0BSWXTCGIO05Si9ts7voo/p6YnBklbmtwmewqtG066AjHhY/qMtIK+aUJ8xPhocau675bpgSlMiD1QABRwuYMSxx6B5tpIUv9CrNmLQwBdWdyukuE9zzdjvZBo6Kozm54NLcTCVD0q/Ug4KHPfoJzI3iTufvGpl5HO1oZDXQ2YSNaaTzKh6q0GuCWYcTgW4ePPKc6Sv/CXl0Uo7iiKQne0TxP01qwcAVlqw6Godsj/ZTL2GcJoUToy6UuuK1LRF55pZ/DVgeJgCH3cPlItaYEvYOqHiPOdDfTuNFBSEPIkDKcOyq0ZysMTHqihAsUt94bslNyIUCMAsLM9h9RDpuZbDAaq/nIZQQLCsCMGkOrkJlNIgMBAl2Rxpn4ydNR7dshUUn/aOp+y869P+gfAEzlnGa0tRLiJPVe4F9GhKi8wZpPJ7aIR0dyTcfp+D04GDd41/t8sCBj9vUqSYK2gAVGqmrHTCHi245YVBMbdR8olwCgaVxsbZxUQZDXk93V5/2/S4J4mpgGCEvKnZxc59u54JRPtpnFPQRpiWDBXn1JNHcdma0u2P/8MozzLOISon/IQ5XvhlgAaR94tQLzfyupZdcMYqqAOsO6H+VTJ+N8PL5s1Qr7N4La2IPPwXwXAyvIy5gb4Xd1CBR4eUJZWrZVZkpXWtMvDSv5AC06cCCrgoX+2l00baV7V+uNDo3i7mLKSscHh2OHSecq9PE94C+AAMofCWwylJt9LAEG9mDOXot40cjdZpEbkLQaYzqMRW5oVxFaocgYolAABc7DZV99XNHMin+SZauAYBNqe+7GFoP4EYxOwB73nFdHV1ZMq3goe9Qiv/cij/oJVNX+Ol4ZHXNpiZ3nbz5AX54oCimLOx3pey1hyfgjlSN9ElL7VZGv7XsW26A+Y2JqOS4N7eFOPZVq1xCwJQjsGTn7uU6dtpkBJmhc+o2tqOKfpWnQZy90I4/4H+ezNVaUltlIxSAR7j5Et3hodXGGiVFJHBf7Aj0IorDGlYsXrL1aIUVrFRS3CKIjEkol2zin8m/jwpLR1HRJbUL9oEVADEJOZ6hYd7eacy+4ujX3fbNnmiC1BAk8NrnQgLcL7/PYmfsJxpd34EXML9gRdL49kOyw9543VJuoNC33VgvFBsEc85JjGVjOD1VgtpMIWm1cCFbaA6UBh6JoiTcRBOtf1ek55R9Zg/Cj3f3ET8En6xAzippKStVb+NZ41ucUEZHgNLs4+Amuy5gGw1jeWGjhis6DzPiuf7MRF6dWoh33KSsHKsUkfurmL3sfELJXouAMiW02OUAdxZIGlNWTKxDzaA8GJqGQLGysq7p/B4UA8nFurEJAHiGjqbCc4BH9XFoVKnn07sSJ6l6ioFYNbD6axCbbCAsX+FUQMC6xKuwT/ylNB2BB9uyb6crP8vvbnoDw+NpTf0SOoYWU5naI/9QWOqHeQ4eCnlPIlBJckGa1BcEZD15mL4NFnosnAKrQby7eBv6kCrULdd/sjsC6mr4fH/ijFBwX+2S0eD8BpW6xOTIe6QnojUjgtqDl5Np0wGFk+42EEQtqyFHcD2/HZ4WT5k4tRkHcemVY0eSol4sMXk/YgIGpeF7FX7Bs30G2wBv9sQc5nb61zuEPTFLeNAWd/3BgXCXsmXTkIfYiffjOuEM4fE3slWn+u/gWBsSueCl0E5xXkdp+mWHgD7jC5NY3QZxAjaIQtJTb3kXcO/Xf/BfT6yD79S4qxFJ73z3cNEIL4ALov08WdgqSwFCWGa8EEywc5GTNUoUFcjagKv27J9/7znVSkvLZCx4k2xMArRSSrH/JCI2b7Z2HcZHaI+8Ano3TTuUTVB0OJAZgKZZpCtDwpy0Q3083DmgELYBweU07J+qWpGszOuhNXYMaQmGNxrWvHrjMmvy//f+2aoEjyEjsmZXneBo7oNRfwnRmh7nytCWXti8U2dlQOjPpnDNpS2Dl1b2vPb9OSufofiRYQLxkMweJ0OUM9l6mV/tjVy4DeS6c5qYTC2QHy1MQG3dQHAkzbPvkEqmWxkEC9F123EASITi4BAiS9H1+x9kjbOjQ/Vn8WmZwgd4RRx6S4EagLbjrcQB5W4n65M+z2GY7pcWc8z42Y0N85Kjq+e3iiMoFPjqgHSgYv/i3kYtVP17r/bJl8UQPVUYGTuH5Lc1qkGL79SQpV/Kxce/S3k61ECVwSp7pCWDSjCSiiS20iVFjsxyDEBUNzBjFirIA7+0o2faOi0TPxliPPAGdim1cqJZiiX3CwrgJTuKdcb+81475BILXOLPYxTXoprBLCPSuOiPRpZ1HaiPsCXrF7MmTWXUY/b+uUu4ev2266rs14Y4mFavtKUqNqxHnEcieaY03dfDd5XAHfRsVoNMebigDuh5C4dMOdaIejil4CNNrlkTNT9H/KelrDUObcGrOfP/S07cX669glqKJLYXRBTcrjPayfYfrw0LYn7s587z/xniUkx7QGUnrgaLkVaLRqx+QSVyNfTZVp43TDpvWtZxX8hUMjBGaTp9Qbo60dCwBX2JF8m0yzazF7t0JHD8qdj7kF8pcwvKG2AnWPgDU0mLeBcb/1phLOVI0QQR7UBCiTvnK8wAT7waN1Qli164XDTaAMFLWCxKaLz5W08oBaIEyNEeYMUMoOyxqD1teFJZtKt0fFHArv4JkC2ImiiqDGMgN4t7jd5/V0yD5b9wMdIR0LCXuM6ryu4Gize1etEDqPKG1k8oTUV7bLPY2YiJBZdIx7JNXR9mSqxxb+rGIo4DPwWsQEV9Z+qQyma2iG1hWeOpnPWnYj7nXGGyBh9VG05n8X8/NfGepZLdf7TmyT9E9rMnhpz4Z+P04QoaZdUemL6HAAAAAAARVhJRroAAABFeGlmAABJSSoACAAAAAYAEgEDAAEAAAABAAAAGgEFAAEAAABWAAAAGwEFAAEAAABeAAAAKAEDAAEAAAACAAAAEwIDAAEAAAABAAAAaYcEAAEAAABmAAAAAAAAAEgAAAABAAAASAAAAAEAAAAGAACQBwAEAAAAMDIxMAGRBwAEAAAAAQIDAACgBwAEAAAAMDEwMAGgAwABAAAA//8AAAKgBAABAAAAZgEAAAOgBAABAAAAZgEAAAAAAAA='),
	(4, 'ONEPLUS', 'PHONE', 'OnePlus 9', 9000000, 1000000, 'url4'),
	(5, 'OPPO', 'PHONE', 'Find X3', 8500000, 9000000, 'url5'),
	(6, 'VIVO', 'PHONE', 'Vivo X60', 5000000, 5500000, 'url6'),
	(7, 'SONY', 'EARPHONE', 'Sony WF-1000XM4', 2000000, 2500000, 'url7'),
	(8, 'SAMSUNG', 'POWER_BANK', 'Samsung Powerbank 10000mAh', 100000, 150000, 'url8'),
	(9, 'HUAWEI', 'CHARGING_CABLE', 'Huawei Type-C Cable', 50000, 80000, 'url9'),
	(10, 'GOOGLE', 'EARPHONE', 'Google Pixel Buds', 1200000, 1700000, 'url10');

INSERT INTO phone (chip, os, ram, rom, screen_size, id) VALUES
	('A15 Bionic', 'IOS', 'GB_4', 'GB_128', 6.10, 1),
	('Exynos 2100', 'ANDROID', 'GB_8', 'GB_256', 6.20, 2),
	('Snapdragon 678', 'ANDROID', 'GB_4', 'GB_64', 6.43, 3),
	('Snapdragon 888', 'ANDROID', 'GB_12', 'GB_256', 6.55, 4),
	('Snapdragon 888', 'ANDROID', 'GB_12', 'GB_256', 6.70, 5),
	('Exynos 1080', 'ANDROID', 'GB_12', 'GB_256', 6.44, 6);

INSERT INTO charging_cable (cable_type, length, id) VALUES
('LIGHTNING', 200, 9);

INSERT INTO earphone (battery_life, connection_type, id) VALUES
(12, 'BLUETOOTH', 7),
(16, 'BLUETOOTH', 10);

INSERT INTO power_bank (capacity, connection_type, fast_charging, input, output, id) VALUES
(18000, 'WIRELESS', 1, '9V/2A', '9V/2A', 8);

-- orderdb
USE orderdb;
INSERT INTO purchase_detail (provider_id, product_id, quantity, purchase_price, sale_price, product_name, provider_name, created_time) VALUES
	(1, 1, 10, 15000000, 16000000, 'iPhone 13', 'Provider One', NOW()),
	(1, 2, 20, 6000000, 7500000, 'Galaxy S21', 'Provider One', NOW()),
	(1, 3, 50, 1000000, 1100000, 'Redmi Note 10', 'Provider One', NOW()),
	(1, 4, 15, 9000000, 1000000, 'OnePlus 9', 'Provider One', NOW()),
	(1, 5, 25, 8500000, 9000000, 'Find X3', 'Provider One', NOW()),
	(1, 6, 30, 5000000, 5500000, 'Vivo X60', 'Provider One', NOW()),
	(1, 7, 40, 2000000, 2500000, 'Sony WF-1000XM4', 'Provider One', NOW()),
	(1, 8, 60, 100000, 150000, 'Samsung Powerbank 10000mAh', 'Provider One', NOW()),
	(1, 9, 70, 50000, 80000, 'Huawei Type-C Cable', 'Provider One', NOW()),
	(1, 10, 35, 1200000, 1700000, 'Google Pixel Buds', 'Provider One', NOW());

-- inventorydb
USE inventorydb;
INSERT INTO inventories (product_id, quantity, created_at, updated_at) VALUES
	(1, 10, NOW(), NOW()),
	(2, 20, NOW(), NOW()),
	(3, 50, NOW(), NOW()),
	(4, 15, NOW(), NOW()),
	(5, 25, NOW(), NOW()),
	(6, 30, NOW(), NOW()),
	(7, 40, NOW(), NOW()),
	(8, 60, NOW(), NOW()),
	(9, 70, NOW(), NOW()),
	(10, 35, NOW(), NOW());