-- providerdb
USE providerdb;
INSERT INTO provider (address, email, name, origin) VALUES
    ('123 Main St, Cityville', 'provider1@example.com', 'Provider One', 1),
    ('456 Market Ave, Townsville', 'provider2@example.com', 'Provider Two', 2),
    ('789 Industrial Rd, Metropolis', 'provider3@example.com', 'Provider Three', 3);

-- productdb
USE productdb;
INSERT INTO product (id, brand, category, name, purchase_price, sale_price, url) VALUES
	(1, 'APPLE', 'PHONE', 'iPhone 13', 15000000, 16000000, 'url1'),
	(2, 'SAMSUNG', 'PHONE', 'Galaxy S21', 6000000, 7500000, 'data:image/webp;base64,UklGRiw+AABXRUJQVlA4WAoAAAAMAAAAZQEAZQEAVlA4IGg8AACw5ACdASpmAWYBPjEYiUOiIaESaaXUIAMEs7csTAc9fynio2QKyk4YrNRdihMSdS1gKx+svvqj14375flUiV6n0Z/3fuv+YHqX3EHms8070++gd+yHXe+g90yP7k14vwb8qXyH3X9kLL32o6jvz/8h/uvzY+L39f388Av21/rPzF+BV+H2ToD/Tf8L/2fRX/F81Ptv7AP9H/s3/M9cO/m9a9gH+s/530h//T7wvc9+0/7z/4/7P4DP2B/7fr2e0D97PZ4/bn//mLnvyBpkfJ/AH4EgGb5/JIEVuHMkzckRXEi/y8iavxDehyqX7ikunQ1+MFb8M42+37/4LYUg2C4CdjeP6DZihCQbVecIRsHhjkfmo+ekrBZXNYwEz97E53K8iym3nf2i2iEUE6DP1EPGuAOYzbOzlplWwAntjAB+gwAc2oLLAKjpvheHvziHAFXcZJmlD8fEZg4nTTRIpkuruGr/cXSrQt+UnTr+p1be4PiuzziUD80X7KhPclnXEFrB0NGDYcPD8ilswvbUPYvBHWP7r/x7eAEzGH3lUvIiuymC/UL2cJcvNXf1LrjdxzE0b8Y2Ws+yrXAndfLz47TpdRiBhjomSsr0ZJJt6rSXzZjgNxXqlvw6xsY4qHQ49i8tvgtXEO19EECXfQJpn3Vbg2ZZrLP5p8wx8DYSa8W+doJsAevGOUumEvK0TES5SjAg8J+D8HrM9MON8CECmJNfnI7UNagKPHDwAFyvXXsKKTUlAmPOjIt6bUH73X+gkPtXYK+iBsbKVLAmBvZjOQ4mZpCVfZTm+R+w2/PsXmTWtvrQiHNYt9fzDUp+TxScUY8qzblr5Nx3OE06K/YzV1iqwY2+sKtHW33sJ1QpX8OL33hymvcdXnyWwQo7xyXJcaTpzv8JaxT41eCLHEV41n6lkr70PMayr5qCzZRVcEo4ICXry0zoZ/5+OWMQkoExC3Iiy4eBDbOuU58Bvke8qdaqrtnFuErMs6efO5UCoDqR5WSpJTgnx4YZFFG5nAhxqjH7d3ssYK9y01TOSl/M2Xuthzc8isa660Daj829WicuUsnwYn38Ewfw5GZgR9b1HCik4PMnvRZO/JFIinlQMsX8D/s1kqi3uwtTJdOs0U+hydajvYETF6mrfhgr5eAkbZ4k0YgO/l67poXFFnPPcEAeU9zEgmsPp9Fi7wb9grbVnMcJnSvLugd9H+mLxQC2Jj/KKKTnElIndQiSkEf1c+Z1KgZFuaIXtihtshnR3a5+WR2FkzITUOuCWNy5ZZjGY2ZRaF8VDLysRKpMLxQ3h8Lenj/pxs46QO/hZND2Ly/htZyUG5QS2zrkOStqopQJMkskC9YNm7KtVZ6/fO60yvvyrZvh/8NDttq7t34qFQniLm6Wmj6vECIMkJjAeJ+vrdWT3kHnxm6ku41LToLNB8nyy7rn5h4m5R1ydb7iXoH3U3Vt+5MsFZaBSUjFMtaypJxn0pr63v8jbzaAHBKVuTdfa10enOgyT+wVv8YVWumowzdGGqwYNvQ0IqknPsEtur971aaxfXLui8TRsrGUGlWeBnzga+qLZNHMFcgAaQGLdEu4Ue57HiftZfGP8MtaAkajufrps+mB+qGH7WO1WdOVJDR05hR4z8iN2Vi5nOIaK1f3tsOj87nMWdjRfxwwPaWURkW3Z9J4w/1lLioWb0fhmYnGy2J2hfA8T7+G0XjORU5Dzn3C8ve7O6bU2X3wxJ/7xB6w/booz6FwcS2kuaW+yXIsWIER1IsvzTPTT6qN6RLaYkEW8pYAmRgE08Rd3j9sIhL2kBTCeAOlhJZE2D4YRqaVoqSW88KqbGvUqAG5Ah5AeEp5SqVOW6+OmPaDJb2NxKkWvK1BuOs40eNHl48pm6oCOIeF+/SZ6crakMCKcxMd/4Iiv7g6Gogs73zDOOMhybRRVTk5S7f5S30bnBnRJutU9MuAEhE4d0cSbPfkYVSsIkgtlC6/d5VqVVI1Ow50v/lwlqpaEE3TY7JN7p/TAnG7gL7WOe68PgWQ7xpb7JckUfHKiBNRSGQItqwBuLzpFCtVyHM/icyyBPqwL+X8GDK6FFLcYfq086ZLotoPScNLfwjHzRD6jWiN3DLTObiVkDF7toND54wQEBNY1r+UhXgcQQgHOombo3hgmai6j49+D9gvyN31/twiSEd7I39DaGd1501v5Y7uf2fH4zar2GH+VNwcL04wfrntFRplTiShv/mYpQ3KQAYYpCsM5wfQrGhUqXH8idpHikEj/nmbVQF1j8vdhZHfst+G5IwaGINz91/cBjPYXNea7+SE9W9uUlGruO03ACgZfqpIKD6Eb3OXyfM9tfU5rLwfP6KIMt+luvR/NSHQ50vsx6VbqWG9O3AjbgZJG3xMbek/2Wfvj7hEbYmdG+mrrsDaA+A5w7+f0pprXFmY5kUV3Dtj34nG0GioIRWL7bO+4pbAAAD++3kABV+ZK2NFj9YiLVqpAHgRx6T7pRCIpoLUdMFyXZ0nqlGRIRxY757sJBQlSQrPNHTGBgw5mUqsf/UiwX3LVBrY1qyhH41onItYcyVmGcX7iUkRWhnhqafe9fG21NjWvZpSla7ipkEW4zMFraLcNp6HBQKxFBXK83ntXIfYLKUGB2SEKVMpRnEbIywM7pipkc6fc1Vw7q6w1r6bVLUxP2D9/nrLBs5QsCsempGbZo9dWczG+QWHZx4jNh+ja39Lv2V2+MdARfsfTe+++s+J8yD9+7N1/8YaEvmtKhGERf1haZ0zXnfu2ujjrn6xY1qfqEyRCz/4nRvShni4lrE09btxQKNiLbu853ZMm3KBiozccvFHuKpnRw1BHKoODZvZSrFkXZgMAqnJqV4c5NnP8uv4zM/HYyqKyP1i6PVCUe/SNRRPFSz+2H/odfgcgaT4a/yj1XzJQby1lfyNuYRzoSOQLLVM4Ry/HqpJe2fEQdeSjuhPe5XbxCnAakOkFUIFSZy+S50fQqIwt6NzuMjPnF2Up/64mX2xK8iND255GQeFcx/HwZUNvadnQqxPMLaXjMIGngYIXzJQhM1IF7dJJfYSOsN2PrSM4PsGXCVsUxo9UWlFWmEo7sQnO+LAskTfHCHowKhWAMOWJ9wGJPKS8MDCV/QfE2gbYFOYUWYceBJYhT2STy+D4dpW7zdXtIcnYrb2vj/gjE+ge/tqnvyRutAIj9dL3pHBC5WrZ7hV7NMTzvpEZtq1qEb3a4tP+Q9Tmq3EqoMsbjuw7Mf/jEWhiuwspDePUvSZECANu7smlMP1RtowMnWUIpIRbWMg79kCqw/vvgwznfWqe3tBchbbey+ScFAp6uftKk4F73FAALFmToEG6yDnoVZ0oXX+3zhdbHHCtST6o/i2gJK7Sr6NMtfHHS0eCoRShVD/3zzxPRGNoAJF1o2DPPhlP3Rn2ftY2uvBsUA4WLVAjqzlvJSkbhR/ddd+cbQH4di1E5iZam7TXGS4j691JxXrXHWr/7HmtiVvlKcOi+ip1omaLGm/MmzPSYpkomGThRTBhI5WSfs/xZRNTz3z3rvzj6kkK8KbI5r5k985l7Bm29uRFX4xf/XdpnsK/uH+FXbv4w6Ut28B+vS3rCx6v2s0RdYTE1FboEowvvSpSXm5lyyjjhnKLNND+us9NbMXiog2BpkrA+98y3UNTJ233UtQ7qxnE9RKcjTTBbPGQAOt1RWqOczl+aNH70rxwTl2JFWJ8jYxH+/BDUUJ/XpfSt3Qh84FmMm+bh4BiCghjoq3nPseGuYEbj5LE+IR1szr1lvpLBvfIbpqmQtqFVCuOvhH0y4CyGlKlzkYkPp3B6xLNl2QJxWGGu1p5uzjQI+iEqxzs70nakqhqRTuBb0zYCQl6QUPrR1zHA4V+ut6GIhtNfMdO+5hC/P20UsSZqnydV2Fa/i8/DSW8lvWuwPl3J91hjJieeIyK1jjpYO8NBvyhHCwdVvHRpSsLHE7ldChbm3dlqvgEATkqGbEJoLwVJrViZVyAQFfQuXEhvEAeQHcXdCIZ/tGmLna+1/nAa0D985Y6NLjK1o46l3GA46GAOLBVGDMYE1CFa7kknD/cAnGF63r94/3gqN8ivhs7FKjZJHpUvd5X8k3OO/YfGTdRelULfW9d28FoazkErbAU7xbv79CgYGGUEA0Hr5W6enyjYeR4lKU9IGkODJ2py87st1CP2mRdDr9lXA8w6ObYIiVe3uqxhrNb9bP9hKp7Kms575XTdX30KKjG03N9B3h6/KRoMkdoEZfOwNigOd4G8DLs/fJqHIFMGxV2LuF0uyaH294y23AnmzkBnITYDz4WFhnhcgC3KdfgQTlme0IQbarJUQK6GeYMY7W5KahxYFDzlq1yYHf2d5mS5xZObyBA8JuYUBYI1IzJIqH/RozaD3kZ7BkRlDJCTrN5tC4YTQACDtCVCbD8axdGtj3rDORHScqgp3gYzmi90UUQ3vN2R9rl33dE0fpKDyxMPqm13/trIMgE5A/S+momYcG+ZsXELCDiBU+04MU/tBTRFBQqV1Y8V9P5d6p1rDdfiA0Y6CMb35l2AlsrQmU8cAb+swdLaWKMFniVdGg5ul3YIYp3Nk0+ShcSWWEKb+oVoHAb3N/KhitCtJTUwB1hzoe3Tsdm0AR/TAQxU+45a/mEAlkcBgbj77QcR6ib2pOjJrofg5KKTwUK0KCkaiDi4lRcH0gQIMGDkPVxWzm//wh07bK5ri+iNVXgrjcRR2vGU30OucDY+J4dAymf8gZZsPMfzMltLiJF83uTfMMiVGXeVW+BaC37pvSmv1/6UbDBsy0zE555/v1xRI6NPrFbViFa/BSqUvjhjc9AbsTS0TTcv9C+/8KINDt9ZiQp4969x7fFFGWPAkF+atj8wyFkpywI9GVhSEDShWRwM8oPwD7+SjINF43zWgDGwXvnJPolQI6A1RPnYn1G+W+jb/AlkHTATKvGS7boyySv50b38RMkv1eCTZ0rvsum+wbcKjK8geR3L19/TaFLY8V94zYZPm0jIbHZHSFEhRy6h+eqShumtKNO93aYB1eeyxL1HqaOBi7X6EbuuXaXK8aRjysmVM79MmYFV32hl28YclmQ4FB5rVj2u+OFsF6+yjngu3G+ckmVBP0PRof47ZDOWAWmq+QY+4eFYsZSvf3XicN6vfvOiwz2YBX8D0bcTckD1Lti787CoMvZHODMQlzdhDd3r8I0wZMawbwoYFvW7MCU3QmTa5bVLz8zAUnhf6WZOfkMu6ijnb14od8/hyTVA2Nzk9DlYMDF6PPTGB/8AYrZCH/a/KfoQKZ/WoA3Wkn/CL0hsCw/5DGV2/G6Q8fg7ZLl6h+v260LJ2NFuT0fnKNk8fyN16U1ZEvdV01QljJKBVF6RsGqCQCuDTi1LIa1zH8LbfPRa4yhdYdWf/kX7/9k4MRwtnvSkdwl3gdhXC6EpkuglIIrvvf4cJptJvteFHM/jK685/MIHEhW7uH1JwiVW01fwcE+/cpfuyAzahJLFKqa8+zmB+EtZ7K3GL9CcCFb0PrOvMPiBjKu8A80Bbxd8OP5s3gYAGB7z9pFxaFgEyNDiq6yhGAZaiOjVG7M6oza0KJW5puJ1XQezrmmcKTd1+GJPrwg/sdE9fgphbaBoJQgHAz7r8oreUgL3W/9xKOVnc+tfyh1JKcFwunImTPwClkP8NE5l2pSC+HHW5TbNuR62WhZuZjkZSxffqGw3tgN0Z02nZdsEnjSdtxWDGbYBe1Q8fliIbSjHAMdZ2Wa1ubJDxWKZiES2tCJcbzfOUgHLMo2a+0x2FMN+9jjSn9MWujnIzJDHEvYzefEV/dBuhSR7Cel/OqrF4TR6EOGc8eQYbqE4QbwBqIAciXjHr15D3lMv0QD4YQGLYYwWFM07ieZsXKPANdd8Okbl5Qz+zBymizVlIM38q3p2ofYf5Po4Oi6uvkAW+XvKe3RY7Cq27xwBhqDPxrBD/51l9zdHPKyPTPiEXv8jJfP/mOfR9sPpra5VAxB3YwK4dmZvo1zFJouNEpd4kRpCfgh+7UPeLXIQb2bKH0vBOknC1JerVjgZ0wzH/7hpKO2TniIjiGPUUYMz+4bh30Q0jrOTK1ruUNyRz7MvFsSfru8a2kFe9a+YH5bybInXshYd4G/rlZ8YCFlFH9JuG7m1mTn9cZptOVE2Gxyw7AIenQ68fU8Rbj0rFPvoUwCljjDs98NnmxWrLJJnAV3O//Cw8tPmxX5yUs/M5U4kyG4/k0sLrQzeI7BzG5oRjiAGNNzlIxn39GnIXSACy6eOMwZIOLSweUHoMB62OJL7Zzm4Fv5/Ubl+Go2IPvjbxu18TckXIKNGLLMgtcMfLPvlzsDVL8DDMYlHayvXBL98Ifo7RXGax6rPj0FX4yI3B2tXgouhJEQ1eaMNHc+w9e4X0hlk2pEsQ31RASqV3AJZCeua4uyCelmI/V+4T9NVOqT9XOUFiYA+PY7V8m/8CidJ1Adr/xFjmsWV/mIwcm6/OO6UuMRbxHy4N0ArBHVNnoRqfACLZ4icbqALQ6nABrCNKKpGOx9mEmwNzCmrh0BuSNQvbh8bZPeHB5BHq3FbQBkmDYAwa+T27+/MOnsUb/Fs29fTZxFGToLd7HM1Me8ptN2M/GxRr+ftGE/i/Ax2+wpRNsn0YuFiaijUuJLqktUEOe6rylej3/Pqh2T8sCkR7FJyFpwnatRXBF/wIEYBlaGKSRXSux2cwacTo9gWTfp9f9n0SbJVlMUdsNsuXHMwMD+Xp3Y9evCr/yr4KVV6Cbi1M4WKK/iXB9AtC0/fEG4wpJobqI5UBe2QRYtZ99+LxT/l8ATWVYJE0ZASOHQ/tV6yi1T+MPQEljmnfZLrWnUzCZz7AGoVdwuZGpEGnuQBX7BnUcBPKWQfOLZEJ5egLuTldRY6OGRH6HNw8Ir8/oKYL+H++287u+z14JHBI4BQoiPAyQnNNEEHMqRQgcRsVctDRvBb/NPz3y9DWIFvXhCulB/vXKGM04xBPEVMpA4ilSo2OmW1U455DiLZ9JYzDX6RXSywBVMknvbVZ+QR/cQB2ksDDc+aMYRKk0BczrQXZJC2HkYbiKjbNeVuaAzN1g/XSMEZyhKlwzcGfKx/ZSTR7zlMdKRKyRYGdSShKJLwVE/UMaK4a9VdPPGkQTLu19vJr3SGSMa8AAQnsRI0hSnsWdApnNmsbn6lNK4bvF1B9lwEurENRmRQ40A/aCmWzdQlsIoDMqH5O3tv94T4ea7s3w3oV0jrKhUxlirYMrtro1thxjuYD39d7U90oZO6Kift3Xizo6vGLM8pYyKqcAIqYETacN5a9I81XZn+2wmTNff9alYoRoK4gfWNvc8wpfasnn8kfRW+fn8sliq9LebRS/H/7vSWa29rSX9lhmUQHuIcM6TmfVftEqNIwCM8bqOi98joWLc6k3Y4niCjMpWVdY/Bh0sMwt2scGCJUjCk275okANHCmsrpI3BCwM8XagoNiCtf0o+1eY56Way8wrUFf0f3lIC8rcQs3po3NyZqr61CyPUN7le8ePQn9OWiTUsKAETHudvMWDHVVT749i2lw8f36vrBit/VmiAif6UPZkthb0WWPIK6n9tFa/FEj3hKkt9tk6cASJJE7FQuHwTRx1v6GRy6zWQtV8ogXmrcsVKNUZbkL9kW4795s32xOI+UnxZ9hKxQtjCTDiydLgAu//PcKLMFy6X+V5zdJM8TA1ygBU9AjhNdAUhsXkfmD/y050Evk99oVkFgZQw9fF9iW+59SFylJiSwyMyOgccs+0XcBpHtuP39omKZgN1UXqtEGgWNUGTvQjtXK31g0JntEYOR/ugM8+hgM+b0R8EcPx02Xu6feBap1M9bb/ahyJV7NBKYFJpcnHWaRKK6xWYi2+tLjdDO9jjPjAePBvHxePP+WaG5fJhHQWEq8MMHdc4Yg76ENDmu9+XFTNpl5ZLAW4oHVJnV5WCDzah0WS5jV+AjyIbSRrCsi72FvE14zzYGRaHYC2i6MUUk9y7CXx5hHbi9c6v2HuLE/CXw7nJ+DbSXFKLdOInzPBe16ueFMOa+vfM9OhcrZy/GTqms86JCld39j5bpCvvWEMI/sv/qDlH02oosfvZni2h/L/HMwR5IVn9oTUbhJUOitLafo/huvfAQxFNDvZq43K0+9b+zwaO60uPZbTEcRTC4EzsyiCHWYQIkn3vtBkuzbXVkEJuVOOAXNnw+aUj8gKxwK7BXmgT9Frr8r82bqLvwqUjPnEA6MUITrBfXn8h3JDbrwL98PWEh1AmdHUBJTfmtQ/nXCT3m+IYS0mUoS/1D+iKqwZX7tqgB6QuDrYb9x/z2kThj6fhSb4nj2Y9h5CwuqljSsQV/ear/DzPHYrLMHERqJe67PZ63IrZoHQmwiYCHR7FOdzTL3iwvm7MOuPj/N3T+57DATzHVB2UdM5jPhYa7er3JKjnL1M7Vtt99KkPVXFaTaXbxS9QI0Qz+cVw6qVseFtfgZAKKgZXV6iGxP+GFIUhS361q2uZ0TfES6mlGdmxvhFhrKp4bSqcf9ARAMgqLM6GEUq17du3p1w9emEy8VYjc1Q2+38HJ7nDaFH3opb26LgLSc3CTgkrxZr7ff7wFTeCY8UfX4PNVISvJUmCXzjHlrax0OGWb/NerePdJCewPhmTRyLfIV4e4BhDJGFn7wwj1zP2h2FgxKus4zhhnd3swuma0JgjAJTY1HQoYNiMArf6Rynqj5b+WZew1wH3bD0z3NbaDOla+mKwAF94yqvzowu9UKxNjrLFX93PNOS37durV/o/mZv4zo/FeNJSDcyq/YrP3nLGHNSczGMKh7+5W7AIqA893sQZRKuNl2TbA5GXYAGZciXOwlxDVL2YUY2yrzaREHqRjQliFWega62CX2wEHnqoSFjVKE2LQD11l6GxQii5xMUe2RVb3ytsj3/CrS0caoaNWCNb7tLGST2HWLxI3NiKOcw8A00vG1oGgsf82mGMzmpZRWx9zNV9+2UgFToJD159+4EVnlaeeC043+Jr9v4OYcfgFpbJnmi2GGQoEwAzD+Zu1KpH7MIlPzk6S8mAILAtGqR7A5SgiC5esT52kovjLn/tavXOvQLgNC7Nw4shRTuYU/c86jeVt5zH2paZm7w+V63nE8uYhp5pFe9mQ2+qzowivR/tegVnN1AFS4jVD9NIwrVbbePbVzdLuNFie8IWinrsL9BMkPz+YA973cqQM4cmZxVO40foMHUe0NNQyffRd5xDNrXubmjDQOjJCyxFEEBge97r8X+HlExc1CLlQtFo97BswuZhds9Ki0JXaMSfJXyPiP2fHIgllCufrRAEmeMSLsDL0oz/UkZnLJJTUDw4y1aT4OFps2AAPH3v9GIxmEg040nSYd7ThU6vtr6LaNTY6VjJ4zH2lhhWEO6b3Qt8LUO44gaDkOfXGTiS/UgxCJTIRG4nRl6F3wwn7PD6DdzU3Ex/SWg0FoEfuS/ypWmBL0w4p5c3wX4ltBFHAHLuB/NO+Hx5QSsz6L3TWjVH8HR+4nAiY9D32NoF7gbZaTyO0Td548Qi3AIALp2tW9f90Joe7m7ru6HAZFQ5UEZqh4WQ7Cnh60RS3n3uQfddEo9esD+ZqYH/5aXzfC6zI8aXYW1Kj/ldCzWQUYRvpltrwHksFprdmp05e3DHwBC4AAOP7EQmmpbn+tOBENmcOosO6H+aY1UyTsUbUuwj5KM02hlFLgrAw6SrOP4hOlpAIoZt8NO/2nUkG0b4g49wH+InaxZXgpce8zZi5tXpLivkQqgwylBh/lnspflwQgThj568BSD/8Fc2xuANWYG98FZZiDjNoLZvLp/ooXbIixy0g8a+MwElJ/WSK62RlNgkFBAJn2StMDQQF4hisKiiRWFtj5DhDW40fWXlikEPkfCvI6lBuI+PFo2bgqwfFvhndpcIRejUzZ65Qi6SoG8XqaEZZARdnFQ8dmVzzGbTcWxqvrpTfDllJpJJYvzTqJF/gl3Np/0O1eNetcYZINJt9b0z1isZZOTFXUXhR2FpO0IOU+GdEt5kjFWUMGLFn9Z+Vyq04A8AnZHIM0NJRnngesiKOF+ZPMiNLL2FCaC7XR8Kg+gn76EtgIyvTavIdGUHxtAAiUnVCoaa7HqNguQbNwLYGV0UXDJ6PLeP24y4UOqzsKMrwuV8V511vIAv7M2O0f26Ju6dKght38BmaTMuZSTiRDM0or8431WUsrMF1BDNAjYrBrEafDbOjWvqK1mF+SSbAuCBhmXy+qdtiAlbvOUULyvHOh+AIMBkHUss00vhgVTMDjXZUDdT0YM8qHZz50P6tgx7Dr6frcL8OdmCPE/bLvUIqxTzM50q+Qu1E3tuU1jakF8z70EeMlyjTOMyEnJ71Xv+DVUsqbBzFBnQgwwsXqpO1zbCbRjya3Vs1PPH7TVsuvbisT0aN4Ik/gZLPyEWSz7X2c1oon7PoMQALEpH9u76TuByNHsXkkBiIh7gxjPd+NLqJnZM+8Vnr/RCw5u2FFcj1oFcr8xYBhCBZo1YwDzUDJssOmSQ8f2QmdnkyCQw38MmCkIDZkhxNhiVJgQ5Cba03Jpgx96ITvKnYga+T6EsRZkSRAIrDMvi4eWxnNZlJuCf+yf4og6p3yBQHlZwbU2LU4GD832xFBFHfA8bfwJVAJZ5n6m3iY1poXrwIFybBp2qaWFsqJ7UnmeZ2pmTUpoSJLTIj98P6a0QpOd+PmdETeARTUOldMeTTglhRldKkpjck9jD0FpLzdvgPi3RPbKzNsKb/BMc3dK0wOUQnBRd4KGWc/4TDA/OsWks1CpZIh906aBv5JUZeWY5Q3UX9QFBh/L2KoDFbNyTD9sAxGLlOjkoY+RCNh8wCZZw+nGcbWJ0nZ1U9hpbsALkvp6eYOJSBv22dTa2BHBpI+xV9P9dA2lyshfRBs77Wn7vwESIuXp7AbgE3I3Q7weGCoNICOe/E43p7ZXhpRYUBPMW4Rtce+cg3FZmq7Ofc4RHAeBcBWlyB4HfvYqy8I3naFJeBJ91e3bJHsgDTQBny2HKSSOTkbYHMRH5vInaPprzVPqlnHHZXqf4s6QJRrG7ZPrQniHtn5mF0TBlY8036HEN1MOLBDEjxgA+8ercO8O0Wr3NC6B5O6uZH0bX/5o7U80etLDrnoWHpYjlQ69jpnySxq29TWTpJOJlM7r2oQuif4mp2ZEaQ6/EhcR/nzq9CwBIilM7m6lqVZD4GWOmFvge1+rs3liDCosI3jnpIEt7RNoGAUNWtq0xtA67S2/fWaXPhJdGnCiFzF3uWJ9vWz4MTCth+jcACdV4elFX862X9reWxpjiRG0ML1gkd+nJ/snmAX5L6KNy6dN8UPtj5LcaBhGXcLJ6B1tNMzYLj4ji1Zrx1Qh4y9xvI0ddDZ3arIlcIzkRYMAd+ROnznjKl8T5ZEhenaYAiWAfYrIlBipgUmRHTN5Z9MHRyODthK3qGaxS5jp9T0TKinygtfquvjDITNyu6Qjpe6K5a0cJFd6b/qKKvsHW4PuD7ilblReRbKA7Qz7ILRIC7tFhzFQPWdLDqrHXtZvl+39ZZB8UGcYdnMzXFl+O+5dHqNpmTCe3yMk6er7C7Z8Uqd4ZFYJACk5AVfdg6lunK3ITPFHcEBo0+TR9MNvCjC/hGANx7DnSddbPP5vUdS0+RWuCzpDaNN8WuSW22Xl9QwdwZJkxgPN2dDdqhudkVSDac0yBPUexOPMM0tMsewCSDmhk3CARCoze9g5DcAUql5x4RneSUVJrvMCOSyiqwfTEpwnOohLyEQgN/rNG2HLoxzVAjHjAks/6XV5D1pW6Gr9ojMbibKhVTvRDq6260X6q4t81NrsV44bbh7YcvALq8oVjI8IVSeIJh28Q0Q+Cm7Mvfs5NN8oWaL0zcx15tGMdE2zVHw3X04D/vcZwx0laVDJPDzZgcmwT7+Vhv4lPAaiYcaNsFncGQFgF9mgO6muRc9Sr9amO3YWYHADLNJWMXXuFTqT7XHVBbWMH2JK429tYACIJe/i4dn8ISLm8Tu2jIDUaV74bItbzNCy8SOtZR20IaBXjvYfbUGSM0JMDkVlsG63n72V5Dw/D6os0Fsfb1MIb+nzRRgegAxqTxi6edvVlT1enrX2Yyu0RuheB/2gleS0Cc+NMCUEAHa+wjL7Z1J+00EIqaCWP3LHAO3BFZ5YPrhdl3RM04yos+fgEok4ENsSoCxV0jkVWNQIffNQcPMmXAEvaN5sAKEvVNsGqvfTxhGzEM5CuH42amI06ZF65D0n+WixQLLdpl8+vPYNHJaAGSSiSQyzGA9R7GA69ivqLP6xGIH7W/cfpnCzpk2mrpXmLNs8ZhzruRpBFs4WIr3pLCE2DAmMaqx7UbQ3ju67P1k/djZRp63yrnRxB0ec942zfCU8JuKxmJ/ypf9lrz6IQKPeOlGkEuPGizADZkPMZHBaXcx3+lOpQQP2XT0VXQXkj5OwQZEpHeiWf+iKfat4K9EW2WrOkEdDYIxkAIngc85Pgy1yCNK/Eygccw5DEo9ivErf51W7rK9LyXkZdYKz5aM30M3zvFh1sFaKjH/OwfV7wBEEg2nhpMItR3zLgDRdU3cwxsXa9Sr1PsUQW45NZxJe8/4cnKYVi4HCNCRa5nYQ7nZHAG5XXSO9H5GZRtYL4yUUjrRcWZf1EBOz5G1DO6O2Lg0KGj95FLcMSpblRXgj3dAyIvcuFGgMK8f3ttXNLFIUT/U3ekHuLw2IWoEeNOoZz6p6fXr/8KM9dYjibJ/wKI+b6WhNj2F/5iJCgoJEOWeuxt326nRbGYkWfzLW/vzu3GSnPShEiq7WU3+sWS1oEXoHRwocG+3P+pVN8kmwjgi/FJ8yuwSAWnBjB+KJOCNq/BTS0nPJMPqKUpeXOVZkHWlVY1bw9Fj6uj5qR5VUHqYn8vtYnje9A5uinU/ouefFmcUSndxuGP044aL+PQG3KYbNfIW3+m98IPxUfdQkBvCty3/GeU+DJjRAth4qLkejxagsWcb32EWpEIxzURZjzpZG4ReZBTBWzBrwAuDLJYzFJrgdTY05GBUlHvU87BoYcnUXR7Pvc9qer3GaaUt6phdz3SGFESIceUcvnZ3kXaCSsnJ3ZwzmtlDkUaC7vCafIBx2zgBkO8Xt+yBOhwCzD0qTAgc+LsPvih3rREwxNeyQzOCL2r2DhEZLEVaM+G0+MFY38ePPx0GW3vj+4WZZvdJF6pABTru2unHyLWRYcj9CmMxowt0GGaBmbxzqyyj5YAEkyMOEiG/qwsFfiMMbUjZUc4U+5kodEN3xPXzvlC0lg3Akv3vXaxmfAzOzATLDKTDqOhTBP+lk+EKhEYvr4gBEnmaPkehG8GFO9XA/EcUv/2xGokvdCXHnghydhW/Z7up1GH1gtKY2Jg9jUNP/fliP75isIDZnieYIgFQopAPXrGsLNCsiqQnkJ9dw8cg8HpYGjC6x3+6ylOEXtLR7xtpaKLVIGGzoHEEJqkmpjcwvBEdP4b/R3nXIn/Mrvt4fw0Mbqd9jI/89bWBBbUxwOhcJ5iTCi0F8mA9Fagib4KCS9tUSfeRkhQizWwTuIDpqGUodhM0NUPGHTUdmZ7fLPMjrPv7QyUdnOZp5fSxWUvlzS5/10XM7Yo2sq0HYimIOnHX0ZGNRSVaF0z3qXbAIBBalcf506Fe51jc4B/3zLh+6o1JISHSsydINGosfqXAyVxBYWr9LxYIpIdoBA+7X4hhyN3FyFykm/Shfg7IQJBhF49quCh3HCrRWb7jT4sbwLpKR0mHKRnwG3MfhLdcExwTFF/zM2fNKBIyzjV8yWfx2gVLNwA+K14pSvKQwFs9KaRNddbqCnoUl89WxcrhlGwZFIp4b7E69Et1O+nLbhy+ojB+V8OhHtUV7tSnLgp/5rjUMg9sNQTC1KTFcT7ioktsUJ9Z1vCyNP0KmqeA7ox1mhc6AceHS8KtSc0lK0FO553BaPz1KFVArEeO6E00JLhzeS5/vrz+xfnzc0H6vL91H+MqinDV649hlhRSv9zwZjGLG/ERCp/r712W9z1on8C2BCDqZXxPxYSBOMBZjm/ZHLyjL3eK1lR3B5khcgomSxOZ8+Swh0gWs37ShyQbvTSTnBdDJ/Z1aI0h5ChanOfzM6WSg4vWgBwAWeUUXtE8htSrmFOFE0WByDUM2bcK4DWYOJH6dZTInEZi5pLv+eBPXyUv5qoVBtRQdqH0jo/JdIvm3VwzxUpOhNho2hn8uvNTkNbuxEXwn1ymf9fxwI7MOYnD+zsHpcNt8nq+tg7v3dpDQNE87zAY4+H7dhLDUSidfDB95KZcA0VAD2g/KArHOxO+NEc/nUIIgXE8MBscq1UuVnZauQwlSn0WwhoRxONs9/bqbiXlSnNXlgpK9BU5SFjVlijg3z7WU8xWz9KOrDne0GiwCIhPGg1zFHo3hbBAwDsy7d01EwIHk2GTBfERAd4vOba6Gg138TeaYec+KaczSOE9x5PcQvfKCjt68janDg9NnIl08Vj9itNsXDlv+B1zFKmJJJGkPS3UxCWnG4hLGaqrkdXds9Ue6ZQ13UkkJFONQF7Y9x5LRQrUs1b0qVbcrFZPUkBcSHNfwpylwn1woek32iergd4k4bn0jDCZuUhFR/zX8rrQxjcX2CtEIRiyPuAdOHzfL3z9gHcak5VKj3WXwH7ifIQx4VfO1/87dJ3q3Zf8zDVGBNQqTEledbuASzKXsJ2l8zm1KD6uekWP5ZQYa+OzK8i7jCWrC4sVBsTGKXm0v9lsx3BCXl1Zs/a45VeK+vwk+UweC1alxKrks7rJpx7zDuxNyoAEVXjnLkdc4wNhgN0NO/8+lIuMOHgOOk8Su2XZnuvG9RvvTHzZoxt4P/SZUH9/UP7y+JMImdoO6KWT2PBH8qPsNbRDUfZ3ZF3s/4I9dktCf2QS39fluWR6q4ND6egrLFn19BxSvsdjMykj6nD1GUUet8d4hnjTBgv20/hiKtaI0bGbGOkCMeB2iVm6u9Psx43MbnJ1bwEhTV00r0iQlMjFRNfCZE6uWB/f5yl28WdoM7WigQFthPC+n9rm1uLqZJy7mNDGjm6wbcY//SSZ5NQ++/s5GzbOgIwQtEu4fzUIwBBaNjfkxtFM8qQuJH9kVM5e9qwrZAVfWPDB3a8fLuDzJIHSOsCIKiQ76cb8IfG8jdroqKV3obWIHvQWoHH3XJz5OvwI3YK/8swwFX5HC9yw11yx7x3XN9QMrBSsF9rlxhI1V4ALV9UVjY07MqFmnZ1SNbZmjMl2cXwFqYoAMqRFrTMKnt4XekBvsz6Eop9YDCHGxF+udgZAcRtdJc431GXCqVFzT2iv5jSkMk2oLS1i1zIZ6A7Gokboprg31n2siyg8qu/76sFbEa5UWT241yjnKTmTJwLBw66Jq/+s510JZdmtxxU2xux1NPLVCZFl4eQOUYSNI2+Zl/yNqHvQOV2Kj8cyZ4axNO6BjDmJ4iAG/sY7jywpkv3yvde2PHfIos4Pd7wOCbNY/cefpA2FwF7KKUb+RCWcZrWvFvD4zHhlSR6AFJxzqeVHqupUfJpUU4pOEjsVM8UYWLowM7vxqlhG99XgxMfnS6OkRexZDAmgMCwqjaYEPCYevMGmux+qMe/w09tHwulSLeoOM5DFvhT1e2Yz52FgF5x2zEZ0rctj/t93OY3jb417BHqgA+SPE4fMvtjPXmpEK0UZS865RBVjKYabtq9NGjrLG3NtKtrlIxUVnFLb9yl3XDm2Pv9Cgd4FzUlgjVU8R789zj6ZbqDFOgtAuWMWpQ9VecrrwUhgTSYvm1GyvOvBVxoeHv9Ojhb/rxLCXSSROWdI2YvPHVjfX1DEBLKxM7lA+gFKcou7PAxO2MRvBAtPPQW549N/4VrpZNdRmAkesZoMKiM/WhSU9ja5uDBH1x+B6JQNLhMPfzj7XWa/KQVwzFyrzEmzumt6QG49uq9ujv3DbGjhvjrtdd3TRR1NxxDroLEHqAEXddJZm+LX3UzedPCiCZxQc6O6qaWXSBSQ1KqUQucAIZ+ArxpGaXRiqKWxj0nXLm9RZg0vss52/heqfT4KDOpUSWSmFydB0b17MiTrxJ87/mdBxTUw5svG5SzsLENTGgyY8zUJ3oKylC23cNTzY/6+L3X+JEEnlNKxowmDgcfMrg5jKkGJI2fFseRDNCQiY9ZH+pzEDYWKKpHkjBpgyMPh+2YXKC5tgPow/0hdi2dVyn7hciAke3/teKHjKrIOQQN5iixjaYDtYC63GlK7qaLPyEB0s8VF9L9eEkmWcCDQyXo92fjLutV3grK3EMBadXEWuta1/X037cUXF0S+Sh13BQJuhDV6o/2G0XpeOb14bQXMLDYnold0AkkcCPP1B5CIZqNImEIMknGG/cg98yaXzNErzWeq5ZbSEO7pphr7RndxaF2/gf4iYpSA+JgQNYDDmDFhTbyE3eHNSpn2Ff3g4GvjhIzOsceIANv8zbVXDTrRNT9KeNiuwfwAs49+mVSAN7a1CaA5U1BIcTOhNwmtAbgtrIhKKV5qfsr2YhkKA3bRprS/IeWAjiLOSAUAixhUjavqgo5IOGKoe2Q7wAFTcaGrH35X8PgMYsP1p0bqhYwPb6sqCd0zHqKfLMpFm3yaLCpK7NTHjswbAVIVLG/dWpM7Zz9XjQTqPsNjv+GXWxEJP+4L6atjLi4lMDLdkOKiKNlTrJWedR1+5gD8kF1FcW92EkvJLyp1DGbi497WG5qt/nU5eN+KUyzfWEbbbvwjp1/08gi62WaOlFrhzRVGW80p/QryveR9h1nin1QINI7n8KtIfMEtx+cSmQvTS9VWWCssfpNoViT7mXJIuvWub6NblLZJpqFCbhC3/jSGrx8Ky7LxXrNsEGTBJwotcrzgWh9SZ4UgaH0g9v4T3xnXnzSIiOQmg8fazT1nn2B5uQSe+J/Pcy9hrjAxyD0UkAYOJqG/9nZ8wRAwexuHAmBg1LlRi/ex7tLlFWFEOTavh7vwXImwoq5Osjcb6hEgWnxMnX6ggWhQ6tN9++Ys5J6p6S1/2OgJ7l/Wr7917HjUp/OLSpU7mgJxtaOTsnLpeloRZ/myZQfE+3TmxzswxlnHJoDMOIElaBAzbtiCTTJcmSVAkdeautQeDvLMkng5/MWLchv1S4PL6I2fB/ELRBtS5Cah76nEQ1rtXyuLD0vPtNaOJsaKIpQewTIiRSRemCbvjyGgTmkXXI/GijHVH5RTPnTfA3oMF2VzQ4XhNtd5UpCSatkQj1xssoiJkpkpv9Ip4ctS/+Ab+yT4i07rsb6PNI/RUOlTD2AMPhdoUP7xt7CICsNLWFBMm21nkYsBNZaXyZBfCXaOZpz4CgkjCPunEsuBinAgBxNNc6EzEtip35CO/AF5UANBZHI7DBr9vSetQcJeF4piMTqFSUZ4e78f7w5V7bc4a4uEcKY5Qgx2TYFQkmKGkMHjp7wnMPJQr82UgUoRzzizx7cQHgLeoAWepUeVEc/LjLo3/DbFhmtB+KC1fcbP0VsR8xflzL6gfRkofAsPaboD5zp6bk5TS9MrCQ3ywVOzBjQnYeFzgDgFxA7irtLCzPTYeEFQtm7/uPtvEeRGZIxZBD0CUM0CSr14EUBwUvR/A0etM1rzXnYvp3sIh6sdlxcnn+q8ZngSaQBuaFrMd/FvwD7ROJwSw44zsUKFn2iT0ZmGX7gKFyki5CrvufvTTOrxTJMuq0ghcnIAoR3lHkjra1c4MAhS4r3ACOn/NeZ4Simzwfr91toEq0CCY7VrS7xjmwMrcvK58onq+62EJr30f75rsRR+xnF2fzcKnogf0TgCW6XxkWv5IQNuyI+EWSCgVXN7hQ+K9cVbFtWSdxkontzb4xUIXmrciymZKVnMg3hqr19G9fP5b/vmcHGKDl9g2fiLjAOnf+O0EVmXlrlDO25L0+3RJfKB0Y9UbyzqCoeD0EhqW2GkBHMyedax/YpnS4o/VaJzXeOuEGW5u4xE8qnniL5SbbzbdkPGBXQ/xEDfGXMT+XbQei13kXoV3ygu8hNz3gd4uPsRVp7fnwWW5A+J5npshQfcHt9gGHcnQ7LTlyO+sP5BuDA332to45IDZ4uOC6/b3EffaGsioqq0B90ULQmlLMQ+4ityxqkAzK/Qxu5ZvbSQcbgeOS2J1Q7l6bAMhtZNKQAMZOP8/gARCfUH8zfX5V7qJmuzimrEqXFbLs/Rr8tE9zjAYREheqWH06sJhIrfA2cTWJWuljFLPfSwSghF3kGlrVKs9tZmrBjBoeiPKkq89gTk8/VFhQCkqGFAr23LXqij7f+z2jvWGgCarPyubCGkE1MexcwTkucCJ5jrPID5N/Ui90Llp8G4tGKJzu7Gb9/c3gW8r/936/QD/GKX7aZxuemsR0HneAISZqaEAIuqMmHhGXmYH9O6UdVr0SIy16o8J7fidxWyGpwqQYbysx/D38T/MyQCrGMcpRdhUUl0QcCkEn/CX8xJ2JFHTT0bwRCSHHjZQMuRvO2eADgsY0moC3A/OqHbM+LTRdY3Fc4EvTlZukjsFS+1IlBShNdq1r7yXapmtywsidtK6SQBZ5YDbwQr2SFAWL8dca7s9JAStXv6c94aktcHFCgyj0WQOaTfA07KaGm1LtbqAprwt4hkMO26SHpd5ejk6COKlOGx3cJoczf0n8MTVt2nKzXfBQ4jtKVso7BcjBDFF93mAoIg8wG/Ibmxtdo/IXk69nf0vu9plCyzVyT0Ub7/9ixAFEjNHoKpwfJvJFiUwUzTqGVKnV/xasGKO9W5aQAWkLdU9rh36oVMO3XcdnsFNlz0wPDsmAcEEHps4DTDuzJ6c0TkgM/duTE8scCQqVAmvCtc6uEsN1eY1gtYIAFNqcLyg08nLmIsBGh7xMSDxp54B+ghPSp1vheR0FRlDCHZA6FVsRY6eVHSUetrc+waP2OTNsMlasMS1+dBWipC6xzxY0gtl3V5yWMcCQFo2XrEc4/vMAk5iZaFU4Uqj3ioJfcco7gvPnsAZu31dTHPwXgEfES50YU756Y79m0J+1i2hpgsBkTlTml11snpoCL2Gwb52+p+mT+IryHqOG4NmZiSyWKjeZ96Niw2+5Zaq5q8VFVDVAid+7IizLkFQ3Rb8fE/i1NWfU8JrR+q7CXsfm5Vv99XD2kSdkDZDcEgrCZxksyQvBzl07JHh8gAoUAA/zgsv2wQPZvgG/XCxpd4RUY9eGFB9f6pBLBHtP5eOljEPAO3W+UOyE3FVofNgQvLtChdjrWNiHHmcM9eN49y5GKaREC2KGUu/B0H6wGQ2/36tyhb007jAwMidAwBSjleVBTHvTDvJpI+VbUbayh40dktha/R8R36hEs9CcIQ4/xmmUuh99TNSsJTJw6Thmu/UgfQh4WpYyKtfFu64gQzfuaEVepYsLV0hMRWlyc6FIkbrUpHRK9vofJ3Ls+nNti7cVaMwNIMVIJldtAeISZzqDnB/1sjacKugm0IUKGAx9FXZPY5pUB/x0cVGIs28Y8efCeuyccx946aqQge9oa0Rhp3N1vBTt/lqlsp+ENT+JSCdAGNtzMONmpFt82d9KWpRme8QhBEM3fGPRBx+/oOobob0cOhPj2fSbF6NF2GBpkgjtwdGJDTiVQwsdFNTsBjr3a/FLsPK2ZmbMhxZGkrsuepwJxnupchql1s5iQflecl4SwWcT42ZZs7BazX4Xdk63sTumMMGGXnLC5yeeKhNaYq1u6fTZd8gGxsBMiNk1jl9/EcXUYRJU5wGQS3rb8HGufhPjnWz0UkJRhL5vB535ovAOekFoD+BrAliToXkQn9SsiGxhSSBJPFdoYqZJPEMDi9yEICowI4askBiF23+1ciAAGTYs7eAlvfQKvj3PNBHN7gI0T2KR1SRJC67C2Qs5tg1zv6YjiE+2oZ+dfhUFYyh96BBUiqjiUqt1QusFFyn9+NCf5i6rgSgksgeOG8jytJIVAkIMbsV/ssj6QFuQj3C0wjxqZlyAt0c/fZUo61fo74zAuyGTLnH5AMj2Epzgx7s0oJRayelXLKHhFp1GlmQkhLLVSojB+c/usFJ9+ksssbI1PIiZO3NOFSSfKkWopnZGGZqb1TYopr0ACfCpjghZTAAfosOct9G/ClOm6jmuxUd6+xj7JN86011fBSAIasnzSsS/jMSwSvZN3ew23hFEWhmgvliChfkPUZrhhEvbVo3bNfJqTUvQnTUFybSq9GFwOwbFICWZPjkQgEwPxlN4C88vvpQMQA3xXhMKJcO13Cjs/N8nMZuX4dypaEiqiuBCr6GxoF3L7JhPcE3vNCfuTGvA19rMMJ+xK1aXWbnMT1bnbcpQUl66/MigcZxaauR831zaXmU2JKJaaclgZD7gNrncDsL8Hws4IK2FC+0eGhHzpz/pZl1n0C5bO4rLTCAVB6B8yXl8lMF8jmMlsVteEHEKOVi8nGM0nEWeJirhtDpD/NlBMZWy+aHS1UilbWfZCtpiNe5k9Z/0NqICbrGHKx0PJ32GvDIOUUCT9klscLzz/Cc2KG5sXG9yw5747wJwxl3BIYzgOHOY0PYgzZablYxy30iieTy1rQFNFRxSVmOjETnl4+ZmE5VyCvKiLp46i4ZGTTkjQkp7PioKWHDIGx36LfIdVrNS95bRr7Q+Z0rwnLw84gAAAAAAAAAAAAAEVYSUa6AAAARXhpZgAASUkqAAgAAAAGABIBAwABAAAAAQAAABoBBQABAAAAVgAAABsBBQABAAAAXgAAACgBAwABAAAAAgAAABMCAwABAAAAAQAAAGmHBAABAAAAZgAAAAAAAABIAAAAAQAAAEgAAAABAAAABgAAkAcABAAAADAyMTABkQcABAAAAAECAwAAoAcABAAAADAxMDABoAMAAQAAAP//AAACoAQAAQAAAGYBAAADoAQAAQAAAGYBAAAAAAAAWE1QINsAAAA8P3hwYWNrZXQgYmVnaW49IiIgaWQ9Ilc1TTBNcENlaGlIenJlU3pOVGN6a2M5ZCI/Pgo8eDp4bXBtZXRhIHhtbG5zOng9ImFkb2JlOm5zOm1ldGEvIiB4OnhtcHRrPSJHbyBYTVAgU0RLIDEuMCI+PHJkZjpSREYgeG1sbnM6cmRmPSJodHRwOi8vd3d3LnczLm9yZy8xOTk5LzAyLzIyLXJkZi1zeW50YXgtbnMjIj48L3JkZjpSREY+PC94OnhtcG1ldGE+Cjw/eHBhY2tldCBlbmQ9InciPz4A'),
	(3, 'XIAOMI', 'PHONE', 'Redmi Note 10', 1000000, 1100000, 'url3'),
	(4, 'ONEPLUS', 'PHONE', 'OnePlus 9', 9000000, 1000000, 'url4'),
	(5, 'OPPO', 'PHONE', 'Find X3', 8500000, 9000000, 'url5'),
	(6, 'VIVO', 'PHONE', 'Vivo X60', 5000000, 5500000, 'url6'),
	(7, 'SONY', 'EARPHONE', 'Sony WF-1000XM4', 2000000, 2500000, 'url7'),
	(8, 'SAMSUNG', 'POWER_BANK', 'Samsung Powerbank 10000mAh', 100000, 150000, 'url8'),
	(9, 'HUAWEI', 'CHARGING_CABLE', 'Huawei Type-C Cable', 50000, 80000, 'url9'),
	(10, 'GOOGLE', 'EARPHONE', 'Google Pixel Buds', 1200000, 1700000, 'url10');

INSERT INTO phone (chip, os, ram, rom, screen_size, id) VALUES
	('A15 Bionic', 'IOS', 'GB_4', 'GB_128', 6.10, 1),
	('Exynos 2100', 'ANDROID', 'GB_8', 'GB_256', 6.20, 2),
	('Snapdragon 678', 'ANDROID', 'GB_4', 'GB_64', 6.43, 3),
	('Snapdragon 888', 'ANDROID', 'GB_12', 'GB_256', 6.55, 4),
	('Snapdragon 888', 'ANDROID', 'GB_12', 'GB_256', 6.70, 5),
	('Exynos 1080', 'ANDROID', 'GB_12', 'GB_256', 6.44, 6);

INSERT INTO charging_cable (cable_type, length, id) VALUES
('LIGHTNING', 200, 9);

INSERT INTO earphone (battery_life, connection_type, id) VALUES
(12, 'BLUETOOTH', 7),
(16, 'BLUETOOTH', 10);

INSERT INTO power_bank (capacity, connection_type, fast_charging, input, output, id) VALUES
(18000, 'WIRELESS', 1, '9V/2A', '9V/2A', 8);

-- orderdb
USE orderdb;
INSERT INTO purchase_detail (provider_id, product_id, quantity, purchase_price, sale_price, product_name, provider_name, created_time) VALUES
	(1, 1, 10, 15000000, 16000000, 'iPhone 13', 'Provider One', NOW()),
	(1, 2, 20, 6000000, 7500000, 'Galaxy S21', 'Provider One', NOW()),
	(1, 3, 50, 1000000, 1100000, 'Redmi Note 10', 'Provider One', NOW()),
	(1, 4, 15, 9000000, 1000000, 'OnePlus 9', 'Provider One', NOW()),
	(1, 5, 25, 8500000, 9000000, 'Find X3', 'Provider One', NOW()),
	(1, 6, 30, 5000000, 5500000, 'Vivo X60', 'Provider One', NOW()),
	(1, 7, 40, 2000000, 2500000, 'Sony WF-1000XM4', 'Provider One', NOW()),
	(1, 8, 60, 100000, 150000, 'Samsung Powerbank 10000mAh', 'Provider One', NOW()),
	(1, 9, 70, 50000, 80000, 'Huawei Type-C Cable', 'Provider One', NOW()),
	(1, 10, 35, 1200000, 1700000, 'Google Pixel Buds', 'Provider One', NOW());

-- inventorydb
USE inventorydb;
INSERT INTO inventories (product_id, quantity, created_at, updated_at) VALUES
	(1, 10, NOW(), NOW()),
	(2, 20, NOW(), NOW()),
	(3, 50, NOW(), NOW()),
	(4, 15, NOW(), NOW()),
	(5, 25, NOW(), NOW()),
	(6, 30, NOW(), NOW()),
	(7, 40, NOW(), NOW()),
	(8, 60, NOW(), NOW()),
	(9, 70, NOW(), NOW()),
	(10, 35, NOW(), NOW());
